Division,Product Name,State/Province,City,Sales,,Product Name,Total Sales,Percent of Sugar Sales
Chocolate,Wonka Bar - Fudge Mallows,Alabama,Decatur,28.8,,Everlasting Gobstopper,$30.00,20.88%
Chocolate,Wonka Bar - Fudge Mallows,Alabama,Hoover,7.2,,Fizzy Lifting Drinks,$26.25,18.27%
Chocolate,Wonka Bar - Fudge Mallows,Alberta,Edmonton,18,,Hair Toffee,$31.50,21.93%
Chocolate,Wonka Bar - Fudge Mallows,Arizona,Gilbert,39.6,,Laffy Taffy,$19.90,13.85%
Chocolate,Wonka Bar - Fudge Mallows,Arizona,Mesa,36,,Nerds,$6.00,4.18%
Chocolate,Wonka Bar - Fudge Mallows,Arizona,Phoenix,14.4,,SweeTARTS,$30.00,20.88%
Chocolate,Wonka Bar - Fudge Mallows,Arizona,Tempe,10.8,,,,
Chocolate,Wonka Bar - Fudge Mallows,Arizona,Tucson,7.2,,,,
Chocolate,Wonka Bar - Fudge Mallows,Arkansas,Fayetteville,18,,,,
Chocolate,Wonka Bar - Fudge Mallows,Arkansas,Little Rock,25.2,,,,
Chocolate,Wonka Bar - Fudge Mallows,Arkansas,Rogers,32.4,,,,
Chocolate,Wonka Bar - Fudge Mallows,British Columbia,Vancouver,36,,,,
Chocolate,Wonka Bar - Fudge Mallows,California,Bakersfield,50.400000000000006,,,,
Chocolate,Wonka Bar - Fudge Mallows,California,Brentwood,28.8,,,,
Chocolate,Wonka Bar - Fudge Mallows,California,Chico,18,,,,
Chocolate,Wonka Bar - Fudge Mallows,California,Coachella,7.2,,,,
Chocolate,Wonka Bar - Fudge Mallows,California,Concord,39.6,,,,
Chocolate,Wonka Bar - Fudge Mallows,California,Danville,25.2,,,,
Chocolate,Wonka Bar - Fudge Mallows,California,Encinitas,18,,,,
Chocolate,Wonka Bar - Fudge Mallows,California,Fresno,25.2,,,,
Chocolate,Wonka Bar - Fudge Mallows,California,Inglewood,43.2,,,,
Chocolate,Wonka Bar - Fudge Mallows,California,La Mesa,10.8,,,,
Chocolate,Wonka Bar - Fudge Mallows,California,Laguna Niguel,21.6,,,,
Chocolate,Wonka Bar - Fudge Mallows,California,Lakewood,21.6,,,,
Chocolate,Wonka Bar - Fudge Mallows,California,Long Beach,72,,,,
Chocolate,Wonka Bar - Fudge Mallows,California,Los Angeles,619.2,,,,
Chocolate,Wonka Bar - Fudge Mallows,California,Oakland,3.6,,,,
Chocolate,Wonka Bar - Fudge Mallows,California,Pasadena,25.2,,,,
Chocolate,Wonka Bar - Fudge Mallows,California,Riverside,10.8,,,,
Chocolate,Wonka Bar - Fudge Mallows,California,San Diego,54,,,,
Chocolate,Wonka Bar - Fudge Mallows,California,San Francisco,457.2,,,,
Chocolate,Wonka Bar - Fudge Mallows,California,Santa Ana,25.2,,,,
Chocolate,Wonka Bar - Fudge Mallows,California,Santa Barbara,25.2,,,,
Chocolate,Wonka Bar - Fudge Mallows,California,Stockton,14.4,,,,
Chocolate,Wonka Bar - Fudge Mallows,California,Sunnyvale,10.8,,,,
Chocolate,Wonka Bar - Fudge Mallows,California,Westminster,39.6,,,,
Chocolate,Wonka Bar - Fudge Mallows,California,Whittier,14.4,,,,
Chocolate,Wonka Bar - Fudge Mallows,Colorado,Aurora,39.6,,,,
Chocolate,Wonka Bar - Fudge Mallows,Colorado,Denver,72,,,,
Chocolate,Wonka Bar - Fudge Mallows,Colorado,Fort Collins,14.4,,,,
Chocolate,Wonka Bar - Fudge Mallows,Colorado,Greeley,10.8,,,,
Chocolate,Wonka Bar - Fudge Mallows,Colorado,Louisville,50.400000000000006,,,,
Chocolate,Wonka Bar - Fudge Mallows,Colorado,Thornton,25.2,,,,
Chocolate,Wonka Bar - Fudge Mallows,Connecticut,Fairfield,39.6,,,,
Chocolate,Wonka Bar - Fudge Mallows,Connecticut,Meriden,10.8,,,,
Chocolate,Wonka Bar - Fudge Mallows,Connecticut,Middletown,7.2,,,,
Chocolate,Wonka Bar - Fudge Mallows,Connecticut,Milford,43.2,,,,
Chocolate,Wonka Bar - Fudge Mallows,Delaware,Newark,54,,,,
Chocolate,Wonka Bar - Fudge Mallows,Delaware,Wilmington,7.2,,,,
Chocolate,Wonka Bar - Fudge Mallows,District of Columbia,Washington,28.8,,,,
Chocolate,Wonka Bar - Fudge Mallows,Florida,Fort Lauderdale,28.8,,,,
Chocolate,Wonka Bar - Fudge Mallows,Florida,Hialeah,46.8,,,,
Chocolate,Wonka Bar - Fudge Mallows,Florida,Jacksonville,72,,,,
Chocolate,Wonka Bar - Fudge Mallows,Florida,Jupiter,3.6,,,,
Chocolate,Wonka Bar - Fudge Mallows,Florida,Lakeland,10.8,,,,
Chocolate,Wonka Bar - Fudge Mallows,Florida,Miami,28.8,,,,
Chocolate,Wonka Bar - Fudge Mallows,Florida,Miramar,57.6,,,,
Chocolate,Wonka Bar - Fudge Mallows,Florida,Orlando,14.4,,,,
Chocolate,Wonka Bar - Fudge Mallows,Florida,Pembroke Pines,10.8,,,,
Chocolate,Wonka Bar - Fudge Mallows,Florida,Tallahassee,54,,,,
Chocolate,Wonka Bar - Fudge Mallows,Florida,Tampa,36,,,,
Chocolate,Wonka Bar - Fudge Mallows,Georgia,Atlanta,3.6,,,,
Chocolate,Wonka Bar - Fudge Mallows,Georgia,Columbus,39.6,,,,
Chocolate,Wonka Bar - Fudge Mallows,Georgia,Roswell,21.6,,,,
Chocolate,Wonka Bar - Fudge Mallows,Georgia,Sandy Springs,10.8,,,,
Chocolate,Wonka Bar - Fudge Mallows,Georgia,Smyrna,10.8,,,,
Chocolate,Wonka Bar - Fudge Mallows,Idaho,Meridian,21.6,,,,
Chocolate,Wonka Bar - Fudge Mallows,Idaho,Pocatello,14.4,,,,
Chocolate,Wonka Bar - Fudge Mallows,Illinois,Aurora,54,,,,
Chocolate,Wonka Bar - Fudge Mallows,Illinois,Chicago,248.4,,,,
Chocolate,Wonka Bar - Fudge Mallows,Illinois,Danville,25.2,,,,
Chocolate,Wonka Bar - Fudge Mallows,Illinois,Decatur,10.8,,,,
Chocolate,Wonka Bar - Fudge Mallows,Illinois,Freeport,10.8,,,,
Chocolate,Wonka Bar - Fudge Mallows,Illinois,Naperville,18,,,,
Chocolate,Wonka Bar - Fudge Mallows,Illinois,Oak Park,25.2,,,,
Chocolate,Wonka Bar - Fudge Mallows,Illinois,Peoria,10.8,,,,
Chocolate,Wonka Bar - Fudge Mallows,Illinois,Quincy,14.4,,,,
Chocolate,Wonka Bar - Fudge Mallows,Indiana,Columbus,36,,,,
Chocolate,Wonka Bar - Fudge Mallows,Indiana,Indianapolis,21.6,,,,
Chocolate,Wonka Bar - Fudge Mallows,Indiana,Richmond,25.200000000000003,,,,
Chocolate,Wonka Bar - Fudge Mallows,Iowa,Burlington,18,,,,
Chocolate,Wonka Bar - Fudge Mallows,Iowa,Des Moines,32.4,,,,
Chocolate,Wonka Bar - Fudge Mallows,Iowa,Marion,10.8,,,,
Chocolate,Wonka Bar - Fudge Mallows,Kentucky,Georgetown,14.4,,,,
Chocolate,Wonka Bar - Fudge Mallows,Kentucky,Henderson,14.4,,,,
Chocolate,Wonka Bar - Fudge Mallows,Kentucky,Louisville,28.8,,,,
Chocolate,Wonka Bar - Fudge Mallows,Kentucky,Richmond,46.8,,,,
Chocolate,Wonka Bar - Fudge Mallows,Louisiana,Lafayette,32.4,,,,
Chocolate,Wonka Bar - Fudge Mallows,Manitoba,Winnipeg,14.4,,,,
Chocolate,Wonka Bar - Fudge Mallows,Maryland,Baltimore,18,,,,
Chocolate,Wonka Bar - Fudge Mallows,Massachusetts,Cambridge,3.6,,,,
Chocolate,Wonka Bar - Fudge Mallows,Massachusetts,Everett,32.4,,,,
Chocolate,Wonka Bar - Fudge Mallows,Massachusetts,Lowell,50.4,,,,
Chocolate,Wonka Bar - Fudge Mallows,Massachusetts,New Bedford,28.8,,,,
Chocolate,Wonka Bar - Fudge Mallows,Michigan,Detroit,154.8,,,,
Chocolate,Wonka Bar - Fudge Mallows,Michigan,Jackson,14.4,,,,
Chocolate,Wonka Bar - Fudge Mallows,Michigan,Oak Park,10.8,,,,
Chocolate,Wonka Bar - Fudge Mallows,Michigan,Rochester Hills,14.4,,,,
Chocolate,Wonka Bar - Fudge Mallows,Michigan,Roseville,7.2,,,,
Chocolate,Wonka Bar - Fudge Mallows,Michigan,Saginaw,28.8,,,,
Chocolate,Wonka Bar - Fudge Mallows,Minnesota,Eagan,10.8,,,,
Chocolate,Wonka Bar - Fudge Mallows,Minnesota,Minneapolis,10.8,,,,
Chocolate,Wonka Bar - Fudge Mallows,Minnesota,Rochester,10.8,,,,
Chocolate,Wonka Bar - Fudge Mallows,Mississippi,Jackson,28.8,,,,
Chocolate,Wonka Bar - Fudge Mallows,Mississippi,Southaven,7.2,,,,
Chocolate,Wonka Bar - Fudge Mallows,Missouri,Saint Charles,14.4,,,,
Chocolate,Wonka Bar - Fudge Mallows,Missouri,Springfield,32.400000000000006,,,,
Chocolate,Wonka Bar - Fudge Mallows,Nebraska,Fremont,25.2,,,,
Chocolate,Wonka Bar - Fudge Mallows,Nebraska,Omaha,32.4,,,,
Chocolate,Wonka Bar - Fudge Mallows,Nevada,Las Vegas,43.2,,,,
Chocolate,Wonka Bar - Fudge Mallows,New Hampshire,Concord,3.6,,,,
Chocolate,Wonka Bar - Fudge Mallows,New Hampshire,Nashua,21.6,,,,
Chocolate,Wonka Bar - Fudge Mallows,New Jersey,Belleville,10.8,,,,
Chocolate,Wonka Bar - Fudge Mallows,New Jersey,Lakewood,18,,,,
Chocolate,Wonka Bar - Fudge Mallows,New Jersey,Morristown,25.200000000000003,,,,
Chocolate,Wonka Bar - Fudge Mallows,New Jersey,Orange,3.6,,,,
Chocolate,Wonka Bar - Fudge Mallows,New Jersey,Paterson,10.8,,,,
Chocolate,Wonka Bar - Fudge Mallows,New Mexico,Albuquerque,46.8,,,,
Chocolate,Wonka Bar - Fudge Mallows,New Mexico,Carlsbad,18,,,,
Chocolate,Wonka Bar - Fudge Mallows,New York,Long Beach,14.4,,,,
Chocolate,Wonka Bar - Fudge Mallows,New York,Mount Vernon,21.6,,,,
Chocolate,Wonka Bar - Fudge Mallows,New York,New Rochelle,18,,,,
Chocolate,Wonka Bar - Fudge Mallows,New York,New York City,777.6,,,,
Chocolate,Wonka Bar - Fudge Mallows,New York,Rochester,14.4,,,,
Chocolate,Wonka Bar - Fudge Mallows,New York,Rome,14.4,,,,
Chocolate,Wonka Bar - Fudge Mallows,New York,Yonkers,28.8,,,,
Chocolate,Wonka Bar - Fudge Mallows,North Carolina,Burlington,14.4,,,,
Chocolate,Wonka Bar - Fudge Mallows,North Carolina,Charlotte,111.60000000000001,,,,
Chocolate,Wonka Bar - Fudge Mallows,North Carolina,Fayetteville,32.400000000000006,,,,
Chocolate,Wonka Bar - Fudge Mallows,North Carolina,Greensboro,10.8,,,,
Chocolate,Wonka Bar - Fudge Mallows,North Carolina,Jacksonville,10.8,,,,
Chocolate,Wonka Bar - Fudge Mallows,North Carolina,Wilmington,10.8,,,,
Chocolate,Wonka Bar - Fudge Mallows,North Dakota,Fargo,10.8,,,,
Chocolate,Wonka Bar - Fudge Mallows,Ohio,Akron,28.8,,,,
Chocolate,Wonka Bar - Fudge Mallows,Ohio,Bowling Green,10.8,,,,
Chocolate,Wonka Bar - Fudge Mallows,Ohio,Cincinnati,7.2,,,,
Chocolate,Wonka Bar - Fudge Mallows,Ohio,Cleveland,39.6,,,,
Chocolate,Wonka Bar - Fudge Mallows,Ohio,Columbus,28.8,,,,
Chocolate,Wonka Bar - Fudge Mallows,Ohio,Dublin,57.6,,,,
Chocolate,Wonka Bar - Fudge Mallows,Ohio,Fairfield,36,,,,
Chocolate,Wonka Bar - Fudge Mallows,Ohio,Grove City,36,,,,
Chocolate,Wonka Bar - Fudge Mallows,Ohio,Kent,10.8,,,,
Chocolate,Wonka Bar - Fudge Mallows,Ohio,Lakewood,39.6,,,,
Chocolate,Wonka Bar - Fudge Mallows,Ohio,Lancaster,28.8,,,,
Chocolate,Wonka Bar - Fudge Mallows,Ohio,Marion,7.2,,,,
Chocolate,Wonka Bar - Fudge Mallows,Ohio,Mentor,14.4,,,,
Chocolate,Wonka Bar - Fudge Mallows,Ohio,Newark,7.2,,,,
Chocolate,Wonka Bar - Fudge Mallows,Ohio,Parma,7.2,,,,
Chocolate,Wonka Bar - Fudge Mallows,Ohio,Springfield,7.2,,,,
Chocolate,Wonka Bar - Fudge Mallows,Ohio,Toledo,43.2,,,,
Chocolate,Wonka Bar - Fudge Mallows,Ohio,Troy,25.2,,,,
Chocolate,Wonka Bar - Fudge Mallows,Oklahoma,Muskogee,3.6,,,,
Chocolate,Wonka Bar - Fudge Mallows,Oklahoma,Oklahoma City,14.4,,,,
Chocolate,Wonka Bar - Fudge Mallows,Oklahoma,Tulsa,18,,,,
Chocolate,Wonka Bar - Fudge Mallows,Ontario,Toronto,28.8,,,,
Chocolate,Wonka Bar - Fudge Mallows,Oregon,Portland,18,,,,
Chocolate,Wonka Bar - Fudge Mallows,Oregon,Salem,3.6,,,,
Chocolate,Wonka Bar - Fudge Mallows,Oregon,Springfield,104.4,,,,
Chocolate,Wonka Bar - Fudge Mallows,Pennsylvania,Lancaster,32.4,,,,
Chocolate,Wonka Bar - Fudge Mallows,Pennsylvania,Philadelphia,356.4,,,,
Chocolate,Wonka Bar - Fudge Mallows,Pennsylvania,York,14.4,,,,
Chocolate,Wonka Bar - Fudge Mallows,Quebec,Montreal,32.4,,,,
Chocolate,Wonka Bar - Fudge Mallows,Rhode Island,Cranston,28.8,,,,
Chocolate,Wonka Bar - Fudge Mallows,Rhode Island,Providence,21.6,,,,
Chocolate,Wonka Bar - Fudge Mallows,Rhode Island,Woonsocket,10.8,,,,
Chocolate,Wonka Bar - Fudge Mallows,South Dakota,Sioux Falls,10.8,,,,
Chocolate,Wonka Bar - Fudge Mallows,Tennessee,Chattanooga,43.2,,,,
Chocolate,Wonka Bar - Fudge Mallows,Tennessee,Clarksville,7.2,,,,
Chocolate,Wonka Bar - Fudge Mallows,Tennessee,Jackson,14.4,,,,
Chocolate,Wonka Bar - Fudge Mallows,Tennessee,Knoxville,54,,,,
Chocolate,Wonka Bar - Fudge Mallows,Tennessee,Memphis,72,,,,
Chocolate,Wonka Bar - Fudge Mallows,Tennessee,Nashville,3.6,,,,
Chocolate,Wonka Bar - Fudge Mallows,Texas,Amarillo,7.2,,,,
Chocolate,Wonka Bar - Fudge Mallows,Texas,Arlington,25.2,,,,
Chocolate,Wonka Bar - Fudge Mallows,Texas,Austin,43.2,,,,
Chocolate,Wonka Bar - Fudge Mallows,Texas,Brownsville,3.6,,,,
Chocolate,Wonka Bar - Fudge Mallows,Texas,Dallas,194.4,,,,
Chocolate,Wonka Bar - Fudge Mallows,Texas,Fort Worth,18,,,,
Chocolate,Wonka Bar - Fudge Mallows,Texas,Garland,32.4,,,,
Chocolate,Wonka Bar - Fudge Mallows,Texas,Grand Prairie,7.2,,,,
Chocolate,Wonka Bar - Fudge Mallows,Texas,Houston,244.8,,,,
Chocolate,Wonka Bar - Fudge Mallows,Texas,Odessa,3.6,,,,
Chocolate,Wonka Bar - Fudge Mallows,Texas,Pasadena,7.2,,,,
Chocolate,Wonka Bar - Fudge Mallows,Texas,Pearland,25.2,,,,
Chocolate,Wonka Bar - Fudge Mallows,Texas,Plano,14.4,,,,
Chocolate,Wonka Bar - Fudge Mallows,Texas,Round Rock,18,,,,
Chocolate,Wonka Bar - Fudge Mallows,Texas,Tyler,10.8,,,,
Chocolate,Wonka Bar - Fudge Mallows,Texas,Waco,3.6,,,,
Chocolate,Wonka Bar - Fudge Mallows,Utah,Murray,3.6,,,,
Chocolate,Wonka Bar - Fudge Mallows,Utah,Provo,18,,,,
Chocolate,Wonka Bar - Fudge Mallows,Virginia,Salem,82.80000000000001,,,,
Chocolate,Wonka Bar - Fudge Mallows,Virginia,Springfield,25.2,,,,
Chocolate,Wonka Bar - Fudge Mallows,Virginia,Suffolk,10.8,,,,
Chocolate,Wonka Bar - Fudge Mallows,Virginia,Virginia Beach,25.2,,,,
Chocolate,Wonka Bar - Fudge Mallows,Washington,Edmonds,3.6,,,,
Chocolate,Wonka Bar - Fudge Mallows,Washington,Everett,3.6,,,,
Chocolate,Wonka Bar - Fudge Mallows,Washington,Kent,28.8,,,,
Chocolate,Wonka Bar - Fudge Mallows,Washington,Olympia,10.8,,,,
Chocolate,Wonka Bar - Fudge Mallows,Washington,Seattle,302.40000000000003,,,,
Chocolate,Wonka Bar - Fudge Mallows,Washington,Spokane,32.4,,,,
Chocolate,Wonka Bar - Fudge Mallows,Wisconsin,Green Bay,14.4,,,,
Chocolate,Wonka Bar - Fudge Mallows,Wisconsin,Milwaukee,75.60000000000001,,,,
Chocolate,Wonka Bar - Milk Chocolate,Alabama,Florence,6.5,,,,
Chocolate,Wonka Bar - Milk Chocolate,Alabama,Huntsville,6.5,,,,
Chocolate,Wonka Bar - Milk Chocolate,Alberta,Calgary,32.5,,,,
Chocolate,Wonka Bar - Milk Chocolate,Arizona,Chandler,32.5,,,,
Chocolate,Wonka Bar - Milk Chocolate,Arizona,Gilbert,9.75,,,,
Chocolate,Wonka Bar - Milk Chocolate,Arizona,Glendale,29.25,,,,
Chocolate,Wonka Bar - Milk Chocolate,Arizona,Mesa,3.25,,,,
Chocolate,Wonka Bar - Milk Chocolate,Arizona,Peoria,3.25,,,,
Chocolate,Wonka Bar - Milk Chocolate,Arizona,Phoenix,94.25,,,,
Chocolate,Wonka Bar - Milk Chocolate,Arizona,Tucson,45.5,,,,
Chocolate,Wonka Bar - Milk Chocolate,Arkansas,Fayetteville,13,,,,
Chocolate,Wonka Bar - Milk Chocolate,Arkansas,Little Rock,39,,,,
Chocolate,Wonka Bar - Milk Chocolate,Arkansas,Pine Bluff,6.5,,,,
Chocolate,Wonka Bar - Milk Chocolate,California,Anaheim,6.5,,,,
Chocolate,Wonka Bar - Milk Chocolate,California,Brentwood,29.25,,,,
Chocolate,Wonka Bar - Milk Chocolate,California,Chico,13,,,,
Chocolate,Wonka Bar - Milk Chocolate,California,Costa Mesa,6.5,,,,
Chocolate,Wonka Bar - Milk Chocolate,California,Danville,9.75,,,,
Chocolate,Wonka Bar - Milk Chocolate,California,Fairfield,6.5,,,,
Chocolate,Wonka Bar - Milk Chocolate,California,Fresno,55.25,,,,
Chocolate,Wonka Bar - Milk Chocolate,California,Hesperia,19.5,,,,
Chocolate,Wonka Bar - Milk Chocolate,California,Inglewood,13,,,,
Chocolate,Wonka Bar - Milk Chocolate,California,Lodi,22.75,,,,
Chocolate,Wonka Bar - Milk Chocolate,California,Long Beach,22.75,,,,
Chocolate,Wonka Bar - Milk Chocolate,California,Los Angeles,601.25,,,,
Chocolate,Wonka Bar - Milk Chocolate,California,Modesto,22.75,,,,
Chocolate,Wonka Bar - Milk Chocolate,California,Oakland,45.5,,,,
Chocolate,Wonka Bar - Milk Chocolate,California,Oceanside,13,,,,
Chocolate,Wonka Bar - Milk Chocolate,California,Oxnard,16.25,,,,
Chocolate,Wonka Bar - Milk Chocolate,California,Pasadena,45.5,,,,
Chocolate,Wonka Bar - Milk Chocolate,California,Pico Rivera,16.25,,,,
Chocolate,Wonka Bar - Milk Chocolate,California,Pomona,55.25,,,,
Chocolate,Wonka Bar - Milk Chocolate,California,Rancho Cucamonga,9.75,,,,
Chocolate,Wonka Bar - Milk Chocolate,California,San Diego,159.25,,,,
Chocolate,Wonka Bar - Milk Chocolate,California,San Francisco,575.25,,,,
Chocolate,Wonka Bar - Milk Chocolate,California,San Jose,19.5,,,,
Chocolate,Wonka Bar - Milk Chocolate,California,Santa Ana,26,,,,
Chocolate,Wonka Bar - Milk Chocolate,California,Stockton,6.5,,,,
Chocolate,Wonka Bar - Milk Chocolate,California,Sunnyvale,9.75,,,,
Chocolate,Wonka Bar - Milk Chocolate,California,Westminster,22.75,,,,
Chocolate,Wonka Bar - Milk Chocolate,Colorado,Aurora,19.5,,,,
Chocolate,Wonka Bar - Milk Chocolate,Colorado,Denver,42.25,,,,
Chocolate,Wonka Bar - Milk Chocolate,Colorado,Louisville,45.5,,,,
Chocolate,Wonka Bar - Milk Chocolate,Colorado,Parker,22.75,,,,
Chocolate,Wonka Bar - Milk Chocolate,Colorado,Thornton,45.5,,,,
Chocolate,Wonka Bar - Milk Chocolate,Connecticut,Fairfield,26,,,,
Chocolate,Wonka Bar - Milk Chocolate,Connecticut,Meriden,13,,,,
Chocolate,Wonka Bar - Milk Chocolate,Connecticut,Middletown,6.5,,,,
Chocolate,Wonka Bar - Milk Chocolate,Connecticut,Waterbury,6.5,,,,
Chocolate,Wonka Bar - Milk Chocolate,Delaware,Newark,74.75,,,,
Chocolate,Wonka Bar - Milk Chocolate,Florida,Boynton Beach,13,,,,
Chocolate,Wonka Bar - Milk Chocolate,Florida,Deltona,13,,,,
Chocolate,Wonka Bar - Milk Chocolate,Florida,Fort Lauderdale,6.5,,,,
Chocolate,Wonka Bar - Milk Chocolate,Florida,Hollywood,16.25,,,,
Chocolate,Wonka Bar - Milk Chocolate,Florida,Jacksonville,123.5,,,,
Chocolate,Wonka Bar - Milk Chocolate,Florida,Miami,32.5,,,,
Chocolate,Wonka Bar - Milk Chocolate,Florida,Miramar,13,,,,
Chocolate,Wonka Bar - Milk Chocolate,Florida,Ormond Beach,9.75,,,,
Chocolate,Wonka Bar - Milk Chocolate,Florida,Pembroke Pines,22.75,,,,
Chocolate,Wonka Bar - Milk Chocolate,Florida,Tallahassee,42.25,,,,
Chocolate,Wonka Bar - Milk Chocolate,Florida,Tampa,9.75,,,,
Chocolate,Wonka Bar - Milk Chocolate,Georgia,Atlanta,13,,,,
Chocolate,Wonka Bar - Milk Chocolate,Georgia,Columbus,87.75,,,,
Chocolate,Wonka Bar - Milk Chocolate,Georgia,Roswell,19.5,,,,
Chocolate,Wonka Bar - Milk Chocolate,Georgia,Sandy Springs,19.5,,,,
Chocolate,Wonka Bar - Milk Chocolate,Georgia,Smyrna,9.75,,,,
Chocolate,Wonka Bar - Milk Chocolate,Idaho,Pocatello,16.25,,,,
Chocolate,Wonka Bar - Milk Chocolate,Illinois,Aurora,48.75,,,,
Chocolate,Wonka Bar - Milk Chocolate,Illinois,Bloomington,9.75,,,,
Chocolate,Wonka Bar - Milk Chocolate,Illinois,Chicago,260,,,,
Chocolate,Wonka Bar - Milk Chocolate,Illinois,Naperville,13,,,,
Chocolate,Wonka Bar - Milk Chocolate,Illinois,Palatine,22.75,,,,
Chocolate,Wonka Bar - Milk Chocolate,Illinois,Rockford,45.5,,,,
Chocolate,Wonka Bar - Milk Chocolate,Illinois,Skokie,26,,,,
Chocolate,Wonka Bar - Milk Chocolate,Illinois,Wheeling,13,,,,
Chocolate,Wonka Bar - Milk Chocolate,Indiana,Columbus,71.5,,,,
Chocolate,Wonka Bar - Milk Chocolate,Indiana,Indianapolis,68.25,,,,
Chocolate,Wonka Bar - Milk Chocolate,Indiana,Lawrence,29.25,,,,
Chocolate,Wonka Bar - Milk Chocolate,Indiana,Richmond,61.75,,,,
Chocolate,Wonka Bar - Milk Chocolate,Iowa,Des Moines,6.5,,,,
Chocolate,Wonka Bar - Milk Chocolate,Iowa,Marion,13,,,,
Chocolate,Wonka Bar - Milk Chocolate,Iowa,Waterloo,13,,,,
Chocolate,Wonka Bar - Milk Chocolate,Kansas,Garden City,3.25,,,,
Chocolate,Wonka Bar - Milk Chocolate,Kansas,Overland Park,26,,,,
Chocolate,Wonka Bar - Milk Chocolate,Kentucky,Bowling Green,13,,,,
Chocolate,Wonka Bar - Milk Chocolate,Kentucky,Florence,6.5,,,,
Chocolate,Wonka Bar - Milk Chocolate,Kentucky,Henderson,52,,,,
Chocolate,Wonka Bar - Milk Chocolate,Kentucky,Louisville,32.5,,,,
Chocolate,Wonka Bar - Milk Chocolate,Kentucky,Murray,16.25,,,,
Chocolate,Wonka Bar - Milk Chocolate,Kentucky,Richmond,19.5,,,,
Chocolate,Wonka Bar - Milk Chocolate,Louisiana,Lafayette,32.5,,,,
Chocolate,Wonka Bar - Milk Chocolate,Louisiana,Lake Charles,35.75,,,,
Chocolate,Wonka Bar - Milk Chocolate,Manitoba,Winnipeg,45.5,,,,
Chocolate,Wonka Bar - Milk Chocolate,Maryland,Columbia,22.75,,,,
Chocolate,Wonka Bar - Milk Chocolate,Massachusetts,Cambridge,13,,,,
Chocolate,Wonka Bar - Milk Chocolate,Massachusetts,Everett,22.75,,,,
Chocolate,Wonka Bar - Milk Chocolate,Massachusetts,Lawrence,26,,,,
Chocolate,Wonka Bar - Milk Chocolate,Massachusetts,Lowell,29.25,,,,
Chocolate,Wonka Bar - Milk Chocolate,Massachusetts,New Bedford,9.75,,,,
Chocolate,Wonka Bar - Milk Chocolate,Massachusetts,Quincy,6.5,,,,
Chocolate,Wonka Bar - Milk Chocolate,Michigan,Detroit,55.25,,,,
Chocolate,Wonka Bar - Milk Chocolate,Michigan,Jackson,26,,,,
Chocolate,Wonka Bar - Milk Chocolate,Michigan,Oak Park,6.5,,,,
Chocolate,Wonka Bar - Milk Chocolate,Michigan,Roseville,6.5,,,,
Chocolate,Wonka Bar - Milk Chocolate,Michigan,Saginaw,3.25,,,,
Chocolate,Wonka Bar - Milk Chocolate,Michigan,Trenton,3.25,,,,
Chocolate,Wonka Bar - Milk Chocolate,Minnesota,Lakeville,6.5,,,,
Chocolate,Wonka Bar - Milk Chocolate,Minnesota,Maple Grove,9.75,,,,
Chocolate,Wonka Bar - Milk Chocolate,Minnesota,Minneapolis,22.75,,,,
Chocolate,Wonka Bar - Milk Chocolate,Minnesota,Moorhead,13,,,,
Chocolate,Wonka Bar - Milk Chocolate,Minnesota,Rochester,55.25,,,,
Chocolate,Wonka Bar - Milk Chocolate,Missouri,Gladstone,6.5,,,,
Chocolate,Wonka Bar - Milk Chocolate,Missouri,Independence,9.75,,,,
Chocolate,Wonka Bar - Milk Chocolate,Missouri,Springfield,91,,,,
Chocolate,Wonka Bar - Milk Chocolate,New Hampshire,Concord,87.75,,,,
Chocolate,Wonka Bar - Milk Chocolate,New Jersey,Belleville,9.75,,,,
Chocolate,Wonka Bar - Milk Chocolate,New Jersey,East Orange,9.75,,,,
Chocolate,Wonka Bar - Milk Chocolate,New Jersey,Lakewood,42.25,,,,
Chocolate,Wonka Bar - Milk Chocolate,New Jersey,Orange,9.75,,,,
Chocolate,Wonka Bar - Milk Chocolate,New Jersey,Paterson,35.75,,,,
Chocolate,Wonka Bar - Milk Chocolate,New Jersey,Perth Amboy,16.25,,,,
Chocolate,Wonka Bar - Milk Chocolate,New Jersey,Plainfield,35.75,,,,
Chocolate,Wonka Bar - Milk Chocolate,New Jersey,Vineland,16.25,,,,
Chocolate,Wonka Bar - Milk Chocolate,New Mexico,Albuquerque,84.5,,,,
Chocolate,Wonka Bar - Milk Chocolate,New Mexico,Carlsbad,35.75,,,,
Chocolate,Wonka Bar - Milk Chocolate,New York,Long Beach,29.25,,,,
Chocolate,Wonka Bar - Milk Chocolate,New York,Mount Vernon,26,,,,
Chocolate,Wonka Bar - Milk Chocolate,New York,New Rochelle,9.75,,,,
Chocolate,Wonka Bar - Milk Chocolate,New York,New York City,633.75,,,,
Chocolate,Wonka Bar - Milk Chocolate,New York,Oceanside,6.5,,,,
Chocolate,Wonka Bar - Milk Chocolate,New York,Rochester,39,,,,
Chocolate,Wonka Bar - Milk Chocolate,North Carolina,Burlington,42.25,,,,
Chocolate,Wonka Bar - Milk Chocolate,North Carolina,Charlotte,29.25,,,,
Chocolate,Wonka Bar - Milk Chocolate,North Carolina,Fayetteville,22.75,,,,
Chocolate,Wonka Bar - Milk Chocolate,North Carolina,Greensboro,16.25,,,,
Chocolate,Wonka Bar - Milk Chocolate,North Carolina,Greenville,16.25,,,,
Chocolate,Wonka Bar - Milk Chocolate,North Carolina,Jacksonville,32.5,,,,
Chocolate,Wonka Bar - Milk Chocolate,North Carolina,Monroe,13,,,,
Chocolate,Wonka Bar - Milk Chocolate,North Carolina,Raleigh,9.75,,,,
Chocolate,Wonka Bar - Milk Chocolate,Nova Scotia,Halifax,16.25,,,,
Chocolate,Wonka Bar - Milk Chocolate,Ohio,Cincinnati,9.75,,,,
Chocolate,Wonka Bar - Milk Chocolate,Ohio,Cleveland,48.75,,,,
Chocolate,Wonka Bar - Milk Chocolate,Ohio,Columbus,39,,,,
Chocolate,Wonka Bar - Milk Chocolate,Ohio,Dublin,3.25,,,,
Chocolate,Wonka Bar - Milk Chocolate,Ohio,Fairfield,3.25,,,,
Chocolate,Wonka Bar - Milk Chocolate,Ohio,Lakewood,32.5,,,,
Chocolate,Wonka Bar - Milk Chocolate,Ohio,Lancaster,52,,,,
Chocolate,Wonka Bar - Milk Chocolate,Ohio,Lorain,13,,,,
Chocolate,Wonka Bar - Milk Chocolate,Ohio,Marion,13,,,,
Chocolate,Wonka Bar - Milk Chocolate,Ohio,Mentor,9.75,,,,
Chocolate,Wonka Bar - Milk Chocolate,Ohio,Newark,16.25,,,,
Chocolate,Wonka Bar - Milk Chocolate,Ohio,Parma,19.5,,,,
Chocolate,Wonka Bar - Milk Chocolate,Ohio,Springfield,26,,,,
Chocolate,Wonka Bar - Milk Chocolate,Ohio,Troy,3.25,,,,
Chocolate,Wonka Bar - Milk Chocolate,Oklahoma,Lawton,9.75,,,,
Chocolate,Wonka Bar - Milk Chocolate,Oklahoma,Muskogee,35.75,,,,
Chocolate,Wonka Bar - Milk Chocolate,Oklahoma,Oklahoma City,9.75,,,,
Chocolate,Wonka Bar - Milk Chocolate,Ontario,Toronto,87.75,,,,
Chocolate,Wonka Bar - Milk Chocolate,Oregon,Portland,3.25,,,,
Chocolate,Wonka Bar - Milk Chocolate,Oregon,Salem,6.5,,,,
Chocolate,Wonka Bar - Milk Chocolate,Oregon,Springfield,48.75,,,,
Chocolate,Wonka Bar - Milk Chocolate,Oregon,Tigard,6.5,,,,
Chocolate,Wonka Bar - Milk Chocolate,Pennsylvania,Chester,13,,,,
Chocolate,Wonka Bar - Milk Chocolate,Pennsylvania,Philadelphia,416,,,,
Chocolate,Wonka Bar - Milk Chocolate,Prince Edward Island,Charlottetown,26,,,,
Chocolate,Wonka Bar - Milk Chocolate,Quebec,Montreal,13,,,,
Chocolate,Wonka Bar - Milk Chocolate,Quebec,Quebec City,45.5,,,,
Chocolate,Wonka Bar - Milk Chocolate,Rhode Island,Cranston,22.75,,,,
Chocolate,Wonka Bar - Milk Chocolate,Rhode Island,Providence,6.5,,,,
Chocolate,Wonka Bar - Milk Chocolate,Rhode Island,Warwick,19.5,,,,
Chocolate,Wonka Bar - Milk Chocolate,Saskatchewan,Regina,22.75,,,,
Chocolate,Wonka Bar - Milk Chocolate,South Carolina,Summerville,26,,,,
Chocolate,Wonka Bar - Milk Chocolate,Tennessee,Chattanooga,6.5,,,,
Chocolate,Wonka Bar - Milk Chocolate,Tennessee,Clarksville,3.25,,,,
Chocolate,Wonka Bar - Milk Chocolate,Tennessee,Hendersonville,9.75,,,,
Chocolate,Wonka Bar - Milk Chocolate,Tennessee,Jackson,19.5,,,,
Chocolate,Wonka Bar - Milk Chocolate,Tennessee,Johnson City,22.75,,,,
Chocolate,Wonka Bar - Milk Chocolate,Tennessee,Knoxville,16.25,,,,
Chocolate,Wonka Bar - Milk Chocolate,Tennessee,Nashville,55.25,,,,
Chocolate,Wonka Bar - Milk Chocolate,Texas,Abilene,6.5,,,,
Chocolate,Wonka Bar - Milk Chocolate,Texas,Arlington,6.5,,,,
Chocolate,Wonka Bar - Milk Chocolate,Texas,Austin,52,,,,
Chocolate,Wonka Bar - Milk Chocolate,Texas,Bedford,19.5,,,,
Chocolate,Wonka Bar - Milk Chocolate,Texas,Bryan,6.5,,,,
Chocolate,Wonka Bar - Milk Chocolate,Texas,College Station,9.75,,,,
Chocolate,Wonka Bar - Milk Chocolate,Texas,Dallas,266.5,,,,
Chocolate,Wonka Bar - Milk Chocolate,Texas,Edinburg,6.5,,,,
Chocolate,Wonka Bar - Milk Chocolate,Texas,El Paso,16.25,,,,
Chocolate,Wonka Bar - Milk Chocolate,Texas,Fort Worth,16.25,,,,
Chocolate,Wonka Bar - Milk Chocolate,Texas,Garland,3.25,,,,
Chocolate,Wonka Bar - Milk Chocolate,Texas,Houston,354.25,,,,
Chocolate,Wonka Bar - Milk Chocolate,Texas,Huntsville,61.75,,,,
Chocolate,Wonka Bar - Milk Chocolate,Texas,Lubbock,16.25,,,,
Chocolate,Wonka Bar - Milk Chocolate,Texas,Mcallen,9.75,,,,
Chocolate,Wonka Bar - Milk Chocolate,Texas,Pasadena,13,,,,
Chocolate,Wonka Bar - Milk Chocolate,Texas,Pearland,9.75,,,,
Chocolate,Wonka Bar - Milk Chocolate,Texas,Plano,19.5,,,,
Chocolate,Wonka Bar - Milk Chocolate,Texas,Round Rock,6.5,,,,
Chocolate,Wonka Bar - Milk Chocolate,Texas,San Angelo,6.5,,,,
Chocolate,Wonka Bar - Milk Chocolate,Texas,San Antonio,42.25,,,,
Chocolate,Wonka Bar - Milk Chocolate,Texas,Waco,9.75,,,,
Chocolate,Wonka Bar - Milk Chocolate,Utah,Orem,6.5,,,,
Chocolate,Wonka Bar - Milk Chocolate,Utah,Provo,9.75,,,,
Chocolate,Wonka Bar - Milk Chocolate,Utah,Salt Lake City,9.75,,,,
Chocolate,Wonka Bar - Milk Chocolate,Vermont,Burlington,13,,,,
Chocolate,Wonka Bar - Milk Chocolate,Virginia,Charlottesville,9.75,,,,
Chocolate,Wonka Bar - Milk Chocolate,Virginia,Newport News,29.25,,,,
Chocolate,Wonka Bar - Milk Chocolate,Virginia,Richmond,65,,,,
Chocolate,Wonka Bar - Milk Chocolate,Virginia,Salem,13,,,,
Chocolate,Wonka Bar - Milk Chocolate,Virginia,Suffolk,9.75,,,,
Chocolate,Wonka Bar - Milk Chocolate,Virginia,Virginia Beach,9.75,,,,
Chocolate,Wonka Bar - Milk Chocolate,Washington,Bellevue,19.5,,,,
Chocolate,Wonka Bar - Milk Chocolate,Washington,Edmonds,29.25,,,,
Chocolate,Wonka Bar - Milk Chocolate,Washington,Kent,19.5,,,,
Chocolate,Wonka Bar - Milk Chocolate,Washington,Renton,3.25,,,,
Chocolate,Wonka Bar - Milk Chocolate,Washington,Seattle,484.25,,,,
Chocolate,Wonka Bar - Milk Chocolate,Washington,Spokane,3.25,,,,
Chocolate,Wonka Bar - Milk Chocolate,Washington,Vancouver,6.5,,,,
Chocolate,Wonka Bar - Milk Chocolate,West Virginia,Wheeling,6.5,,,,
Chocolate,Wonka Bar - Milk Chocolate,Wisconsin,Milwaukee,107.25,,,,
Chocolate,Wonka Bar - Nutty Crunch Surprise,Alabama,Huntsville,6.98,,,,
Chocolate,Wonka Bar - Nutty Crunch Surprise,Arizona,Gilbert,3.49,,,,
Chocolate,Wonka Bar - Nutty Crunch Surprise,Arizona,Glendale,20.94,,,,
Chocolate,Wonka Bar - Nutty Crunch Surprise,Arizona,Phoenix,24.43,,,,
Chocolate,Wonka Bar - Nutty Crunch Surprise,Arizona,Tucson,6.98,,,,
Chocolate,Wonka Bar - Nutty Crunch Surprise,Arizona,Yuma,17.45,,,,
Chocolate,Wonka Bar - Nutty Crunch Surprise,Arkansas,Fayetteville,17.45,,,,
Chocolate,Wonka Bar - Nutty Crunch Surprise,Arkansas,Jonesboro,24.43,,,,
Chocolate,Wonka Bar - Nutty Crunch Surprise,Arkansas,Pine Bluff,17.45,,,,
Chocolate,Wonka Bar - Nutty Crunch Surprise,British Columbia,Vancouver,20.94,,,,
Chocolate,Wonka Bar - Nutty Crunch Surprise,California,Anaheim,10.47,,,,
Chocolate,Wonka Bar - Nutty Crunch Surprise,California,Apple Valley,24.43,,,,
Chocolate,Wonka Bar - Nutty Crunch Surprise,California,Bakersfield,3.49,,,,
Chocolate,Wonka Bar - Nutty Crunch Surprise,California,Brentwood,10.47,,,,
Chocolate,Wonka Bar - Nutty Crunch Surprise,California,Camarillo,10.47,,,,
Chocolate,Wonka Bar - Nutty Crunch Surprise,California,Costa Mesa,6.98,,,,
Chocolate,Wonka Bar - Nutty Crunch Surprise,California,Escondido,13.96,,,,
Chocolate,Wonka Bar - Nutty Crunch Surprise,California,Fairfield,6.98,,,,
Chocolate,Wonka Bar - Nutty Crunch Surprise,California,Fresno,52.35,,,,
Chocolate,Wonka Bar - Nutty Crunch Surprise,California,Inglewood,31.410000000000004,,,,
Chocolate,Wonka Bar - Nutty Crunch Surprise,California,La Mesa,17.45,,,,
Chocolate,Wonka Bar - Nutty Crunch Surprise,California,Lake Forest,10.47,,,,
Chocolate,Wonka Bar - Nutty Crunch Surprise,California,Long Beach,13.96,,,,
Chocolate,Wonka Bar - Nutty Crunch Surprise,California,Los Angeles,582.83,,,,
Chocolate,Wonka Bar - Nutty Crunch Surprise,California,Oakland,20.94,,,,
Chocolate,Wonka Bar - Nutty Crunch Surprise,California,Oceanside,27.92,,,,
Chocolate,Wonka Bar - Nutty Crunch Surprise,California,Pasadena,45.370000000000005,,,,
Chocolate,Wonka Bar - Nutty Crunch Surprise,California,Roseville,10.47,,,,
Chocolate,Wonka Bar - Nutty Crunch Surprise,California,Sacramento,24.43,,,,
Chocolate,Wonka Bar - Nutty Crunch Surprise,California,San Diego,90.74000000000001,,,,
Chocolate,Wonka Bar - Nutty Crunch Surprise,California,San Francisco,401.35,,,,
Chocolate,Wonka Bar - Nutty Crunch Surprise,California,San Jose,31.410000000000004,,,,
Chocolate,Wonka Bar - Nutty Crunch Surprise,California,Santa Ana,17.450000000000003,,,,
Chocolate,Wonka Bar - Nutty Crunch Surprise,California,Thousand Oaks,17.45,,,,
Chocolate,Wonka Bar - Nutty Crunch Surprise,California,Torrance,17.45,,,,
Chocolate,Wonka Bar - Nutty Crunch Surprise,California,Westminster,38.39,,,,
Chocolate,Wonka Bar - Nutty Crunch Surprise,California,Woodland,3.49,,,,
Chocolate,Wonka Bar - Nutty Crunch Surprise,Colorado,Commerce City,10.47,,,,
Chocolate,Wonka Bar - Nutty Crunch Surprise,Colorado,Denver,17.450000000000003,,,,
Chocolate,Wonka Bar - Nutty Crunch Surprise,Colorado,Fort Collins,45.370000000000005,,,,
Chocolate,Wonka Bar - Nutty Crunch Surprise,Colorado,Louisville,6.98,,,,
Chocolate,Wonka Bar - Nutty Crunch Surprise,Colorado,Thornton,20.939999999999998,,,,
Chocolate,Wonka Bar - Nutty Crunch Surprise,Connecticut,Fairfield,17.450000000000003,,,,
Chocolate,Wonka Bar - Nutty Crunch Surprise,Connecticut,Manchester,20.94,,,,
Chocolate,Wonka Bar - Nutty Crunch Surprise,Connecticut,Middletown,20.94,,,,
Chocolate,Wonka Bar - Nutty Crunch Surprise,Connecticut,Waterbury,10.47,,,,
Chocolate,Wonka Bar - Nutty Crunch Surprise,Delaware,Newark,27.92,,,,
Chocolate,Wonka Bar - Nutty Crunch Surprise,Delaware,Wilmington,10.47,,,,
Chocolate,Wonka Bar - Nutty Crunch Surprise,Florida,Boynton Beach,10.47,,,,
Chocolate,Wonka Bar - Nutty Crunch Surprise,Florida,Coral Springs,6.98,,,,
Chocolate,Wonka Bar - Nutty Crunch Surprise,Florida,Fort Lauderdale,6.98,,,,
Chocolate,Wonka Bar - Nutty Crunch Surprise,Florida,Jacksonville,41.88,,,,
Chocolate,Wonka Bar - Nutty Crunch Surprise,Florida,Miami,27.92,,,,
Chocolate,Wonka Bar - Nutty Crunch Surprise,Florida,Orlando,20.94,,,,
Chocolate,Wonka Bar - Nutty Crunch Surprise,Florida,Pembroke Pines,24.43,,,,
Chocolate,Wonka Bar - Nutty Crunch Surprise,Florida,Saint Petersburg,6.98,,,,
Chocolate,Wonka Bar - Nutty Crunch Surprise,Florida,Sanford,20.94,,,,
Chocolate,Wonka Bar - Nutty Crunch Surprise,Florida,Tallahassee,6.98,,,,
Chocolate,Wonka Bar - Nutty Crunch Surprise,Georgia,Atlanta,55.84,,,,
Chocolate,Wonka Bar - Nutty Crunch Surprise,Georgia,Columbus,80.27000000000001,,,,
Chocolate,Wonka Bar - Nutty Crunch Surprise,Georgia,Sandy Springs,31.410000000000004,,,,
Chocolate,Wonka Bar - Nutty Crunch Surprise,Idaho,Boise,10.47,,,,
Chocolate,Wonka Bar - Nutty Crunch Surprise,Illinois,Aurora,20.94,,,,
Chocolate,Wonka Bar - Nutty Crunch Surprise,Illinois,Bolingbrook,6.98,,,,
Chocolate,Wonka Bar - Nutty Crunch Surprise,Illinois,Chicago,275.71000000000004,,,,
Chocolate,Wonka Bar - Nutty Crunch Surprise,Illinois,Decatur,13.96,,,,
Chocolate,Wonka Bar - Nutty Crunch Surprise,Illinois,Des Plaines,13.96,,,,
Chocolate,Wonka Bar - Nutty Crunch Surprise,Illinois,Freeport,13.96,,,,
Chocolate,Wonka Bar - Nutty Crunch Surprise,Illinois,Quincy,17.45,,,,
Chocolate,Wonka Bar - Nutty Crunch Surprise,Illinois,Rockford,27.92,,,,
Chocolate,Wonka Bar - Nutty Crunch Surprise,Illinois,Skokie,55.84,,,,
Chocolate,Wonka Bar - Nutty Crunch Surprise,Indiana,Columbus,52.35,,,,
Chocolate,Wonka Bar - Nutty Crunch Surprise,Indiana,Elkhart,6.98,,,,
Chocolate,Wonka Bar - Nutty Crunch Surprise,Indiana,Indianapolis,34.900000000000006,,,,
Chocolate,Wonka Bar - Nutty Crunch Surprise,Indiana,Lafayette,17.45,,,,
Chocolate,Wonka Bar - Nutty Crunch Surprise,Indiana,Lawrence,20.94,,,,
Chocolate,Wonka Bar - Nutty Crunch Surprise,Iowa,Des Moines,17.45,,,,
Chocolate,Wonka Bar - Nutty Crunch Surprise,Iowa,Marion,24.43,,,,
Chocolate,Wonka Bar - Nutty Crunch Surprise,Kansas,Overland Park,10.47,,,,
Chocolate,Wonka Bar - Nutty Crunch Surprise,Kentucky,Florence,20.94,,,,
Chocolate,Wonka Bar - Nutty Crunch Surprise,Kentucky,Henderson,45.370000000000005,,,,
Chocolate,Wonka Bar - Nutty Crunch Surprise,Kentucky,Louisville,24.43,,,,
Chocolate,Wonka Bar - Nutty Crunch Surprise,Kentucky,Richmond,34.9,,,,
Chocolate,Wonka Bar - Nutty Crunch Surprise,Louisiana,Lafayette,52.35,,,,
Chocolate,Wonka Bar - Nutty Crunch Surprise,Maryland,Baltimore,136.11,,,,
Chocolate,Wonka Bar - Nutty Crunch Surprise,Maryland,Clinton,20.94,,,,
Chocolate,Wonka Bar - Nutty Crunch Surprise,Maryland,Columbia,24.43,,,,
Chocolate,Wonka Bar - Nutty Crunch Surprise,Massachusetts,Franklin,24.43,,,,
Chocolate,Wonka Bar - Nutty Crunch Surprise,Massachusetts,Lawrence,27.92,,,,
Chocolate,Wonka Bar - Nutty Crunch Surprise,Massachusetts,Lowell,6.98,,,,
Chocolate,Wonka Bar - Nutty Crunch Surprise,Massachusetts,Quincy,41.879999999999995,,,,
Chocolate,Wonka Bar - Nutty Crunch Surprise,Michigan,Canton,27.92,,,,
Chocolate,Wonka Bar - Nutty Crunch Surprise,Michigan,Detroit,73.28999999999999,,,,
Chocolate,Wonka Bar - Nutty Crunch Surprise,Michigan,Jackson,41.88,,,,
Chocolate,Wonka Bar - Nutty Crunch Surprise,Michigan,Saginaw,31.41,,,,
Chocolate,Wonka Bar - Nutty Crunch Surprise,Michigan,Trenton,45.370000000000005,,,,
Chocolate,Wonka Bar - Nutty Crunch Surprise,Minnesota,Apple Valley,10.47,,,,
Chocolate,Wonka Bar - Nutty Crunch Surprise,Minnesota,Lakeville,13.96,,,,
Chocolate,Wonka Bar - Nutty Crunch Surprise,Minnesota,Maple Grove,6.98,,,,
Chocolate,Wonka Bar - Nutty Crunch Surprise,Minnesota,Minneapolis,45.370000000000005,,,,
Chocolate,Wonka Bar - Nutty Crunch Surprise,Minnesota,Rochester,10.47,,,,
Chocolate,Wonka Bar - Nutty Crunch Surprise,Minnesota,Saint Cloud,31.41,,,,
Chocolate,Wonka Bar - Nutty Crunch Surprise,Mississippi,Gulfport,31.41,,,,
Chocolate,Wonka Bar - Nutty Crunch Surprise,Mississippi,Jackson,27.92,,,,
Chocolate,Wonka Bar - Nutty Crunch Surprise,Mississippi,Southaven,31.410000000000004,,,,
Chocolate,Wonka Bar - Nutty Crunch Surprise,Missouri,Saint Charles,17.45,,,,
Chocolate,Wonka Bar - Nutty Crunch Surprise,Missouri,Saint Louis,6.98,,,,
Chocolate,Wonka Bar - Nutty Crunch Surprise,Missouri,Springfield,83.76,,,,
Chocolate,Wonka Bar - Nutty Crunch Surprise,Nebraska,Fremont,13.96,,,,
Chocolate,Wonka Bar - Nutty Crunch Surprise,Nevada,Las Vegas,17.45,,,,
Chocolate,Wonka Bar - Nutty Crunch Surprise,New Brunswick,Moncton,24.43,,,,
Chocolate,Wonka Bar - Nutty Crunch Surprise,New Jersey,Belleville,10.47,,,,
Chocolate,Wonka Bar - Nutty Crunch Surprise,New Jersey,Lakewood,6.98,,,,
Chocolate,Wonka Bar - Nutty Crunch Surprise,New Jersey,Morristown,17.45,,,,
Chocolate,Wonka Bar - Nutty Crunch Surprise,New Jersey,New Brunswick,3.49,,,,
Chocolate,Wonka Bar - Nutty Crunch Surprise,New Jersey,Paterson,10.47,,,,
Chocolate,Wonka Bar - Nutty Crunch Surprise,New Jersey,Perth Amboy,6.98,,,,
Chocolate,Wonka Bar - Nutty Crunch Surprise,New Jersey,Plainfield,27.92,,,,
Chocolate,Wonka Bar - Nutty Crunch Surprise,New Jersey,Vineland,6.98,,,,
Chocolate,Wonka Bar - Nutty Crunch Surprise,New Jersey,Westfield,10.47,,,,
Chocolate,Wonka Bar - Nutty Crunch Surprise,New Mexico,Albuquerque,3.49,,,,
Chocolate,Wonka Bar - Nutty Crunch Surprise,New Mexico,Farmington,34.9,,,,
Chocolate,Wonka Bar - Nutty Crunch Surprise,New York,Auburn,17.45,,,,
Chocolate,Wonka Bar - Nutty Crunch Surprise,New York,Long Beach,6.98,,,,
Chocolate,Wonka Bar - Nutty Crunch Surprise,New York,Mount Vernon,17.45,,,,
Chocolate,Wonka Bar - Nutty Crunch Surprise,New York,New York City,698,,,,
Chocolate,Wonka Bar - Nutty Crunch Surprise,New York,Rochester,6.98,,,,
Chocolate,Wonka Bar - Nutty Crunch Surprise,New York,Rome,6.98,,,,
Chocolate,Wonka Bar - Nutty Crunch Surprise,New York,Utica,20.94,,,,
Chocolate,Wonka Bar - Nutty Crunch Surprise,New York,Watertown,17.45,,,,
Chocolate,Wonka Bar - Nutty Crunch Surprise,New York,Yonkers,3.49,,,,
Chocolate,Wonka Bar - Nutty Crunch Surprise,North Carolina,Burlington,6.98,,,,
Chocolate,Wonka Bar - Nutty Crunch Surprise,North Carolina,Chapel Hill,10.47,,,,
Chocolate,Wonka Bar - Nutty Crunch Surprise,North Carolina,Charlotte,20.939999999999998,,,,
Chocolate,Wonka Bar - Nutty Crunch Surprise,North Carolina,Fayetteville,59.33,,,,
Chocolate,Wonka Bar - Nutty Crunch Surprise,North Carolina,Greensboro,17.45,,,,
Chocolate,Wonka Bar - Nutty Crunch Surprise,North Carolina,Greenville,6.98,,,,
Chocolate,Wonka Bar - Nutty Crunch Surprise,North Carolina,Jacksonville,27.92,,,,
Chocolate,Wonka Bar - Nutty Crunch Surprise,North Carolina,Monroe,6.98,,,,
Chocolate,Wonka Bar - Nutty Crunch Surprise,North Carolina,Raleigh,13.96,,,,
Chocolate,Wonka Bar - Nutty Crunch Surprise,North Dakota,Fargo,13.96,,,,
Chocolate,Wonka Bar - Nutty Crunch Surprise,Ohio,Cincinnati,6.98,,,,
Chocolate,Wonka Bar - Nutty Crunch Surprise,Ohio,Cleveland,69.8,,,,
Chocolate,Wonka Bar - Nutty Crunch Surprise,Ohio,Columbus,52.35,,,,
Chocolate,Wonka Bar - Nutty Crunch Surprise,Ohio,Cuyahoga Falls,13.96,,,,
Chocolate,Wonka Bar - Nutty Crunch Surprise,Ohio,Dublin,20.94,,,,
Chocolate,Wonka Bar - Nutty Crunch Surprise,Ohio,Fairfield,6.98,,,,
Chocolate,Wonka Bar - Nutty Crunch Surprise,Ohio,Kent,10.47,,,,
Chocolate,Wonka Bar - Nutty Crunch Surprise,Ohio,Lakewood,41.88,,,,
Chocolate,Wonka Bar - Nutty Crunch Surprise,Ohio,Lancaster,6.98,,,,
Chocolate,Wonka Bar - Nutty Crunch Surprise,Ohio,Mentor,27.92,,,,
Chocolate,Wonka Bar - Nutty Crunch Surprise,Ohio,Newark,31.410000000000004,,,,
Chocolate,Wonka Bar - Nutty Crunch Surprise,Ohio,Springfield,10.47,,,,
Chocolate,Wonka Bar - Nutty Crunch Surprise,Ohio,Toledo,45.370000000000005,,,,
Chocolate,Wonka Bar - Nutty Crunch Surprise,Oklahoma,Oklahoma City,10.47,,,,
Chocolate,Wonka Bar - Nutty Crunch Surprise,Oklahoma,Tulsa,34.900000000000006,,,,
Chocolate,Wonka Bar - Nutty Crunch Surprise,Oregon,Portland,3.49,,,,
Chocolate,Wonka Bar - Nutty Crunch Surprise,Oregon,Springfield,6.98,,,,
Chocolate,Wonka Bar - Nutty Crunch Surprise,Pennsylvania,Chester,6.98,,,,
Chocolate,Wonka Bar - Nutty Crunch Surprise,Pennsylvania,Lancaster,27.92,,,,
Chocolate,Wonka Bar - Nutty Crunch Surprise,Pennsylvania,Philadelphia,422.29,,,,
Chocolate,Wonka Bar - Nutty Crunch Surprise,Pennsylvania,Reading,10.47,,,,
Chocolate,Wonka Bar - Nutty Crunch Surprise,Prince Edward Island,Charlottetown,17.45,,,,
Chocolate,Wonka Bar - Nutty Crunch Surprise,Quebec,Montreal,38.39,,,,
Chocolate,Wonka Bar - Nutty Crunch Surprise,Rhode Island,Cranston,13.96,,,,
Chocolate,Wonka Bar - Nutty Crunch Surprise,Rhode Island,Woonsocket,24.43,,,,
Chocolate,Wonka Bar - Nutty Crunch Surprise,South Carolina,Columbia,6.98,,,,
Chocolate,Wonka Bar - Nutty Crunch Surprise,South Carolina,Summerville,6.98,,,,
Chocolate,Wonka Bar - Nutty Crunch Surprise,South Dakota,Sioux Falls,17.450000000000003,,,,
Chocolate,Wonka Bar - Nutty Crunch Surprise,Tennessee,Chattanooga,10.47,,,,
Chocolate,Wonka Bar - Nutty Crunch Surprise,Tennessee,Columbia,41.88,,,,
Chocolate,Wonka Bar - Nutty Crunch Surprise,Tennessee,Franklin,10.47,,,,
Chocolate,Wonka Bar - Nutty Crunch Surprise,Tennessee,Jackson,6.98,,,,
Chocolate,Wonka Bar - Nutty Crunch Surprise,Tennessee,Knoxville,24.43,,,,
Chocolate,Wonka Bar - Nutty Crunch Surprise,Tennessee,Memphis,94.22999999999999,,,,
Chocolate,Wonka Bar - Nutty Crunch Surprise,Tennessee,Murfreesboro,3.49,,,,
Chocolate,Wonka Bar - Nutty Crunch Surprise,Texas,Arlington,38.39,,,,
Chocolate,Wonka Bar - Nutty Crunch Surprise,Texas,Austin,6.98,,,,
Chocolate,Wonka Bar - Nutty Crunch Surprise,Texas,Bedford,52.35,,,,
Chocolate,Wonka Bar - Nutty Crunch Surprise,Texas,Carrollton,17.450000000000003,,,,
Chocolate,Wonka Bar - Nutty Crunch Surprise,Texas,Cedar Hill,10.47,,,,
Chocolate,Wonka Bar - Nutty Crunch Surprise,Texas,College Station,27.92,,,,
Chocolate,Wonka Bar - Nutty Crunch Surprise,Texas,Coppell,3.49,,,,
Chocolate,Wonka Bar - Nutty Crunch Surprise,Texas,Dallas,136.11,,,,
Chocolate,Wonka Bar - Nutty Crunch Surprise,Texas,Fort Worth,34.9,,,,
Chocolate,Wonka Bar - Nutty Crunch Surprise,Texas,Harlingen,10.47,,,,
Chocolate,Wonka Bar - Nutty Crunch Surprise,Texas,Houston,230.34,,,,
Chocolate,Wonka Bar - Nutty Crunch Surprise,Texas,Huntsville,17.45,,,,
Chocolate,Wonka Bar - Nutty Crunch Surprise,Texas,Keller,6.98,,,,
Chocolate,Wonka Bar - Nutty Crunch Surprise,Texas,Mansfield,27.92,,,,
Chocolate,Wonka Bar - Nutty Crunch Surprise,Texas,Pasadena,17.45,,,,
Chocolate,Wonka Bar - Nutty Crunch Surprise,Texas,Plano,3.49,,,,
Chocolate,Wonka Bar - Nutty Crunch Surprise,Texas,San Antonio,10.47,,,,
Chocolate,Wonka Bar - Nutty Crunch Surprise,Texas,Tyler,10.47,,,,
Chocolate,Wonka Bar - Nutty Crunch Surprise,Texas,Waco,13.96,,,,
Chocolate,Wonka Bar - Nutty Crunch Surprise,Utah,Draper,13.96,,,,
Chocolate,Wonka Bar - Nutty Crunch Surprise,Utah,Salt Lake City,10.47,,,,
Chocolate,Wonka Bar - Nutty Crunch Surprise,Vermont,Burlington,38.39,,,,
Chocolate,Wonka Bar - Nutty Crunch Surprise,Virginia,Chesapeake,17.45,,,,
Chocolate,Wonka Bar - Nutty Crunch Surprise,Virginia,Newport News,3.49,,,,
Chocolate,Wonka Bar - Nutty Crunch Surprise,Virginia,Richmond,17.450000000000003,,,,
Chocolate,Wonka Bar - Nutty Crunch Surprise,Virginia,Salem,17.45,,,,
Chocolate,Wonka Bar - Nutty Crunch Surprise,Virginia,Springfield,24.43,,,,
Chocolate,Wonka Bar - Nutty Crunch Surprise,Virginia,Virginia Beach,17.45,,,,
Chocolate,Wonka Bar - Nutty Crunch Surprise,Washington,Bellevue,10.47,,,,
Chocolate,Wonka Bar - Nutty Crunch Surprise,Washington,Edmonds,13.96,,,,
Chocolate,Wonka Bar - Nutty Crunch Surprise,Washington,Kent,6.98,,,,
Chocolate,Wonka Bar - Nutty Crunch Surprise,Washington,Longview,10.47,,,,
Chocolate,Wonka Bar - Nutty Crunch Surprise,Washington,Pasco,3.49,,,,
Chocolate,Wonka Bar - Nutty Crunch Surprise,Washington,Redmond,3.49,,,,
Chocolate,Wonka Bar - Nutty Crunch Surprise,Washington,Renton,27.92,,,,
Chocolate,Wonka Bar - Nutty Crunch Surprise,Washington,Seattle,460.68,,,,
Chocolate,Wonka Bar - Nutty Crunch Surprise,West Virginia,Wheeling,27.92,,,,
Chocolate,Wonka Bar - Nutty Crunch Surprise,Wisconsin,Eau Claire,6.98,,,,
Chocolate,Wonka Bar - Nutty Crunch Surprise,Wisconsin,Madison,17.450000000000003,,,,
Chocolate,Wonka Bar - Nutty Crunch Surprise,Wisconsin,Milwaukee,94.23,,,,
Chocolate,Wonka Bar - Triple Dazzle Caramel,Alabama,Decatur,11.25,,,,
Chocolate,Wonka Bar - Triple Dazzle Caramel,Alabama,Huntsville,30,,,,
Chocolate,Wonka Bar - Triple Dazzle Caramel,Alberta,Edmonton,7.5,,,,
Chocolate,Wonka Bar - Triple Dazzle Caramel,Arizona,Gilbert,7.5,,,,
Chocolate,Wonka Bar - Triple Dazzle Caramel,Arizona,Glendale,22.5,,,,
Chocolate,Wonka Bar - Triple Dazzle Caramel,Arizona,Mesa,56.25,,,,
Chocolate,Wonka Bar - Triple Dazzle Caramel,Arizona,Peoria,52.5,,,,
Chocolate,Wonka Bar - Triple Dazzle Caramel,Arizona,Phoenix,75,,,,
Chocolate,Wonka Bar - Triple Dazzle Caramel,Arizona,Scottsdale,26.25,,,,
Chocolate,Wonka Bar - Triple Dazzle Caramel,Arizona,Tucson,60,,,,
Chocolate,Wonka Bar - Triple Dazzle Caramel,Arkansas,Fayetteville,15,,,,
Chocolate,Wonka Bar - Triple Dazzle Caramel,Arkansas,Jonesboro,11.25,,,,
Chocolate,Wonka Bar - Triple Dazzle Caramel,Arkansas,Springdale,7.5,,,,
Chocolate,Wonka Bar - Triple Dazzle Caramel,Arkansas,Texarkana,18.75,,,,
Chocolate,Wonka Bar - Triple Dazzle Caramel,British Columbia,Vancouver,15,,,,
Chocolate,Wonka Bar - Triple Dazzle Caramel,California,Anaheim,18.75,,,,
Chocolate,Wonka Bar - Triple Dazzle Caramel,California,Apple Valley,30,,,,
Chocolate,Wonka Bar - Triple Dazzle Caramel,California,Bakersfield,33.75,,,,
Chocolate,Wonka Bar - Triple Dazzle Caramel,California,Brentwood,30,,,,
Chocolate,Wonka Bar - Triple Dazzle Caramel,California,Chico,15,,,,
Chocolate,Wonka Bar - Triple Dazzle Caramel,California,Costa Mesa,7.5,,,,
Chocolate,Wonka Bar - Triple Dazzle Caramel,California,Danville,26.25,,,,
Chocolate,Wonka Bar - Triple Dazzle Caramel,California,Dublin,18.75,,,,
Chocolate,Wonka Bar - Triple Dazzle Caramel,California,Fairfield,18.75,,,,
Chocolate,Wonka Bar - Triple Dazzle Caramel,California,Fresno,22.5,,,,
Chocolate,Wonka Bar - Triple Dazzle Caramel,California,Huntington Beach,18.75,,,,
Chocolate,Wonka Bar - Triple Dazzle Caramel,California,Inglewood,30,,,,
Chocolate,Wonka Bar - Triple Dazzle Caramel,California,Laguna Niguel,18.75,,,,
Chocolate,Wonka Bar - Triple Dazzle Caramel,California,Lake Forest,15,,,,
Chocolate,Wonka Bar - Triple Dazzle Caramel,California,Lakewood,3.75,,,,
Chocolate,Wonka Bar - Triple Dazzle Caramel,California,Lancaster,7.5,,,,
Chocolate,Wonka Bar - Triple Dazzle Caramel,California,Los Angeles,547.5,,,,
Chocolate,Wonka Bar - Triple Dazzle Caramel,California,Manteca,11.25,,,,
Chocolate,Wonka Bar - Triple Dazzle Caramel,California,Mission Viejo,33.75,,,,
Chocolate,Wonka Bar - Triple Dazzle Caramel,California,Modesto,7.5,,,,
Chocolate,Wonka Bar - Triple Dazzle Caramel,California,Oakland,15,,,,
Chocolate,Wonka Bar - Triple Dazzle Caramel,California,Oceanside,18.75,,,,
Chocolate,Wonka Bar - Triple Dazzle Caramel,California,Ontario,18.75,,,,
Chocolate,Wonka Bar - Triple Dazzle Caramel,California,Pasadena,26.25,,,,
Chocolate,Wonka Bar - Triple Dazzle Caramel,California,Rancho Cucamonga,22.5,,,,
Chocolate,Wonka Bar - Triple Dazzle Caramel,California,Salinas,11.25,,,,
Chocolate,Wonka Bar - Triple Dazzle Caramel,California,San Diego,120,,,,
Chocolate,Wonka Bar - Triple Dazzle Caramel,California,San Francisco,675,,,,
Chocolate,Wonka Bar - Triple Dazzle Caramel,California,San Jose,41.25,,,,
Chocolate,Wonka Bar - Triple Dazzle Caramel,California,Santa Barbara,3.75,,,,
Chocolate,Wonka Bar - Triple Dazzle Caramel,California,Stockton,33.75,,,,
Chocolate,Wonka Bar - Triple Dazzle Caramel,California,Thousand Oaks,3.75,,,,
Chocolate,Wonka Bar - Triple Dazzle Caramel,California,Torrance,18.75,,,,
Chocolate,Wonka Bar - Triple Dazzle Caramel,California,Westminster,26.25,,,,
Chocolate,Wonka Bar - Triple Dazzle Caramel,Colorado,Aurora,15,,,,
Chocolate,Wonka Bar - Triple Dazzle Caramel,Colorado,Denver,15,,,,
Chocolate,Wonka Bar - Triple Dazzle Caramel,Colorado,Louisville,11.25,,,,
Chocolate,Wonka Bar - Triple Dazzle Caramel,Colorado,Loveland,3.75,,,,
Chocolate,Wonka Bar - Triple Dazzle Caramel,Colorado,Thornton,41.25,,,,
Chocolate,Wonka Bar - Triple Dazzle Caramel,Connecticut,Danbury,7.5,,,,
Chocolate,Wonka Bar - Triple Dazzle Caramel,Connecticut,Fairfield,15,,,,
Chocolate,Wonka Bar - Triple Dazzle Caramel,Connecticut,Manchester,7.5,,,,
Chocolate,Wonka Bar - Triple Dazzle Caramel,Delaware,Newark,52.5,,,,
Chocolate,Wonka Bar - Triple Dazzle Caramel,Delaware,Wilmington,15,,,,
Chocolate,Wonka Bar - Triple Dazzle Caramel,Florida,Boynton Beach,11.25,,,,
Chocolate,Wonka Bar - Triple Dazzle Caramel,Florida,Fort Lauderdale,18.75,,,,
Chocolate,Wonka Bar - Triple Dazzle Caramel,Florida,Hollywood,11.25,,,,
Chocolate,Wonka Bar - Triple Dazzle Caramel,Florida,Homestead,3.75,,,,
Chocolate,Wonka Bar - Triple Dazzle Caramel,Florida,Jacksonville,52.5,,,,
Chocolate,Wonka Bar - Triple Dazzle Caramel,Florida,Kissimmee,7.5,,,,
Chocolate,Wonka Bar - Triple Dazzle Caramel,Florida,Miami,26.25,,,,
Chocolate,Wonka Bar - Triple Dazzle Caramel,Florida,Orlando,15,,,,
Chocolate,Wonka Bar - Triple Dazzle Caramel,Florida,Pembroke Pines,48.75,,,,
Chocolate,Wonka Bar - Triple Dazzle Caramel,Florida,Pompano Beach,45,,,,
Chocolate,Wonka Bar - Triple Dazzle Caramel,Florida,Tallahassee,22.5,,,,
Chocolate,Wonka Bar - Triple Dazzle Caramel,Florida,Tampa,18.75,,,,
Chocolate,Wonka Bar - Triple Dazzle Caramel,Georgia,Athens,3.75,,,,
Chocolate,Wonka Bar - Triple Dazzle Caramel,Georgia,Atlanta,116.25,,,,
Chocolate,Wonka Bar - Triple Dazzle Caramel,Georgia,Columbus,52.5,,,,
Chocolate,Wonka Bar - Triple Dazzle Caramel,Georgia,Smyrna,7.5,,,,
Chocolate,Wonka Bar - Triple Dazzle Caramel,Idaho,Meridian,7.5,,,,
Chocolate,Wonka Bar - Triple Dazzle Caramel,Idaho,Pocatello,11.25,,,,
Chocolate,Wonka Bar - Triple Dazzle Caramel,Illinois,Aurora,37.5,,,,
Chocolate,Wonka Bar - Triple Dazzle Caramel,Illinois,Chicago,352.5,,,,
Chocolate,Wonka Bar - Triple Dazzle Caramel,Illinois,Decatur,41.25,,,,
Chocolate,Wonka Bar - Triple Dazzle Caramel,Illinois,Peoria,15,,,,
Chocolate,Wonka Bar - Triple Dazzle Caramel,Illinois,Quincy,33.75,,,,
Chocolate,Wonka Bar - Triple Dazzle Caramel,Illinois,Rockford,15,,,,
Chocolate,Wonka Bar - Triple Dazzle Caramel,Illinois,Skokie,22.5,,,,
Chocolate,Wonka Bar - Triple Dazzle Caramel,Indiana,Columbus,15,,,,
Chocolate,Wonka Bar - Triple Dazzle Caramel,Indiana,Greenwood,41.25,,,,
Chocolate,Wonka Bar - Triple Dazzle Caramel,Indiana,La Porte,18.75,,,,
Chocolate,Wonka Bar - Triple Dazzle Caramel,Indiana,Lafayette,41.25,,,,
Chocolate,Wonka Bar - Triple Dazzle Caramel,Indiana,Richmond,22.5,,,,
Chocolate,Wonka Bar - Triple Dazzle Caramel,Iowa,Burlington,11.25,,,,
Chocolate,Wonka Bar - Triple Dazzle Caramel,Iowa,Des Moines,3.75,,,,
Chocolate,Wonka Bar - Triple Dazzle Caramel,Iowa,Urbandale,15,,,,
Chocolate,Wonka Bar - Triple Dazzle Caramel,Kansas,Overland Park,7.5,,,,
Chocolate,Wonka Bar - Triple Dazzle Caramel,Kentucky,Georgetown,15,,,,
Chocolate,Wonka Bar - Triple Dazzle Caramel,Kentucky,Henderson,26.25,,,,
Chocolate,Wonka Bar - Triple Dazzle Caramel,Kentucky,Louisville,63.75,,,,
Chocolate,Wonka Bar - Triple Dazzle Caramel,Kentucky,Richmond,11.25,,,,
Chocolate,Wonka Bar - Triple Dazzle Caramel,Louisiana,Lafayette,11.25,,,,
Chocolate,Wonka Bar - Triple Dazzle Caramel,Louisiana,Monroe,7.5,,,,
Chocolate,Wonka Bar - Triple Dazzle Caramel,Manitoba,Winnipeg,15,,,,
Chocolate,Wonka Bar - Triple Dazzle Caramel,Maryland,Baltimore,120,,,,
Chocolate,Wonka Bar - Triple Dazzle Caramel,Maryland,Clinton,15,,,,
Chocolate,Wonka Bar - Triple Dazzle Caramel,Maryland,Columbia,93.75,,,,
Chocolate,Wonka Bar - Triple Dazzle Caramel,Maryland,Laurel,7.5,,,,
Chocolate,Wonka Bar - Triple Dazzle Caramel,Massachusetts,Everett,60,,,,
Chocolate,Wonka Bar - Triple Dazzle Caramel,Massachusetts,Lawrence,11.25,,,,
Chocolate,Wonka Bar - Triple Dazzle Caramel,Massachusetts,Lowell,11.25,,,,
Chocolate,Wonka Bar - Triple Dazzle Caramel,Massachusetts,New Bedford,7.5,,,,
Chocolate,Wonka Bar - Triple Dazzle Caramel,Michigan,Canton,7.5,,,,
Chocolate,Wonka Bar - Triple Dazzle Caramel,Michigan,Dearborn,11.25,,,,
Chocolate,Wonka Bar - Triple Dazzle Caramel,Michigan,Dearborn Heights,7.5,,,,
Chocolate,Wonka Bar - Triple Dazzle Caramel,Michigan,Detroit,18.75,,,,
Chocolate,Wonka Bar - Triple Dazzle Caramel,Michigan,Grand Rapids,26.25,,,,
Chocolate,Wonka Bar - Triple Dazzle Caramel,Michigan,Jackson,33.75,,,,
Chocolate,Wonka Bar - Triple Dazzle Caramel,Michigan,Lansing,41.25,,,,
Chocolate,Wonka Bar - Triple Dazzle Caramel,Michigan,Trenton,26.25,,,,
Chocolate,Wonka Bar - Triple Dazzle Caramel,Minnesota,Eagan,26.25,,,,
Chocolate,Wonka Bar - Triple Dazzle Caramel,Minnesota,Lakeville,63.75,,,,
Chocolate,Wonka Bar - Triple Dazzle Caramel,Minnesota,Maple Grove,18.75,,,,
Chocolate,Wonka Bar - Triple Dazzle Caramel,Minnesota,Rochester,48.75,,,,
Chocolate,Wonka Bar - Triple Dazzle Caramel,Mississippi,Hattiesburg,30,,,,
Chocolate,Wonka Bar - Triple Dazzle Caramel,Mississippi,Southaven,15,,,,
Chocolate,Wonka Bar - Triple Dazzle Caramel,Missouri,Gladstone,11.25,,,,
Chocolate,Wonka Bar - Triple Dazzle Caramel,Missouri,Springfield,22.5,,,,
Chocolate,Wonka Bar - Triple Dazzle Caramel,Montana,Great Falls,30,,,,
Chocolate,Wonka Bar - Triple Dazzle Caramel,Montana,Helena,18.75,,,,
Chocolate,Wonka Bar - Triple Dazzle Caramel,Nebraska,Fremont,11.25,,,,
Chocolate,Wonka Bar - Triple Dazzle Caramel,Nebraska,Grand Island,7.5,,,,
Chocolate,Wonka Bar - Triple Dazzle Caramel,Nevada,North Las Vegas,15,,,,
Chocolate,Wonka Bar - Triple Dazzle Caramel,New Brunswick,Moncton,18.75,,,,
Chocolate,Wonka Bar - Triple Dazzle Caramel,New Jersey,Lakewood,15,,,,
Chocolate,Wonka Bar - Triple Dazzle Caramel,New Jersey,Paterson,11.25,,,,
Chocolate,Wonka Bar - Triple Dazzle Caramel,New Jersey,Plainfield,7.5,,,,
Chocolate,Wonka Bar - Triple Dazzle Caramel,New Mexico,Albuquerque,11.25,,,,
Chocolate,Wonka Bar - Triple Dazzle Caramel,New Mexico,Carlsbad,11.25,,,,
Chocolate,Wonka Bar - Triple Dazzle Caramel,New Mexico,Clovis,26.25,,,,
Chocolate,Wonka Bar - Triple Dazzle Caramel,New York,Buffalo,26.25,,,,
Chocolate,Wonka Bar - Triple Dazzle Caramel,New York,Long Beach,11.25,,,,
Chocolate,Wonka Bar - Triple Dazzle Caramel,New York,Mount Vernon,26.25,,,,
Chocolate,Wonka Bar - Triple Dazzle Caramel,New York,New York City,663.75,,,,
Chocolate,Wonka Bar - Triple Dazzle Caramel,New York,Oceanside,18.75,,,,
Chocolate,Wonka Bar - Triple Dazzle Caramel,New York,Rochester,11.25,,,,
Chocolate,Wonka Bar - Triple Dazzle Caramel,New York,Rome,18.75,,,,
Chocolate,Wonka Bar - Triple Dazzle Caramel,New York,Watertown,7.5,,,,
Chocolate,Wonka Bar - Triple Dazzle Caramel,New York,Yonkers,15,,,,
Chocolate,Wonka Bar - Triple Dazzle Caramel,North Carolina,Asheville,33.75,,,,
Chocolate,Wonka Bar - Triple Dazzle Caramel,North Carolina,Burlington,37.5,,,,
Chocolate,Wonka Bar - Triple Dazzle Caramel,North Carolina,Charlotte,105,,,,
Chocolate,Wonka Bar - Triple Dazzle Caramel,North Carolina,Concord,11.25,,,,
Chocolate,Wonka Bar - Triple Dazzle Caramel,North Carolina,Durham,7.5,,,,
Chocolate,Wonka Bar - Triple Dazzle Caramel,North Carolina,Fayetteville,41.25,,,,
Chocolate,Wonka Bar - Triple Dazzle Caramel,North Carolina,Greensboro,3.75,,,,
Chocolate,Wonka Bar - Triple Dazzle Caramel,North Carolina,Jacksonville,33.75,,,,
Chocolate,Wonka Bar - Triple Dazzle Caramel,North Carolina,Raleigh,33.75,,,,
Chocolate,Wonka Bar - Triple Dazzle Caramel,North Carolina,Wilmington,26.25,,,,
Chocolate,Wonka Bar - Triple Dazzle Caramel,North Dakota,Fargo,52.5,,,,
Chocolate,Wonka Bar - Triple Dazzle Caramel,Nova Scotia,Halifax,11.25,,,,
Chocolate,Wonka Bar - Triple Dazzle Caramel,Ohio,Akron,45,,,,
Chocolate,Wonka Bar - Triple Dazzle Caramel,Ohio,Cleveland,41.25,,,,
Chocolate,Wonka Bar - Triple Dazzle Caramel,Ohio,Columbus,165,,,,
Chocolate,Wonka Bar - Triple Dazzle Caramel,Ohio,Elyria,3.75,,,,
Chocolate,Wonka Bar - Triple Dazzle Caramel,Ohio,Fairfield,67.5,,,,
Chocolate,Wonka Bar - Triple Dazzle Caramel,Ohio,Grove City,7.5,,,,
Chocolate,Wonka Bar - Triple Dazzle Caramel,Ohio,Kent,11.25,,,,
Chocolate,Wonka Bar - Triple Dazzle Caramel,Ohio,Lakewood,48.75,,,,
Chocolate,Wonka Bar - Triple Dazzle Caramel,Ohio,Lancaster,37.5,,,,
Chocolate,Wonka Bar - Triple Dazzle Caramel,Ohio,Newark,22.5,,,,
Chocolate,Wonka Bar - Triple Dazzle Caramel,Ohio,Springfield,30,,,,
Chocolate,Wonka Bar - Triple Dazzle Caramel,Ohio,Toledo,26.25,,,,
Chocolate,Wonka Bar - Triple Dazzle Caramel,Ohio,Troy,18.75,,,,
Chocolate,Wonka Bar - Triple Dazzle Caramel,Oklahoma,Lawton,7.5,,,,
Chocolate,Wonka Bar - Triple Dazzle Caramel,Oklahoma,Muskogee,7.5,,,,
Chocolate,Wonka Bar - Triple Dazzle Caramel,Oklahoma,Tulsa,33.75,,,,
Chocolate,Wonka Bar - Triple Dazzle Caramel,Ontario,Toronto,45,,,,
Chocolate,Wonka Bar - Triple Dazzle Caramel,Oregon,Portland,56.25,,,,
Chocolate,Wonka Bar - Triple Dazzle Caramel,Oregon,Springfield,30,,,,
Chocolate,Wonka Bar - Triple Dazzle Caramel,Pennsylvania,Lancaster,7.5,,,,
Chocolate,Wonka Bar - Triple Dazzle Caramel,Pennsylvania,Philadelphia,562.5,,,,
Chocolate,Wonka Bar - Triple Dazzle Caramel,Pennsylvania,York,7.5,,,,
Chocolate,Wonka Bar - Triple Dazzle Caramel,Quebec,Montreal,15,,,,
Chocolate,Wonka Bar - Triple Dazzle Caramel,Rhode Island,Cranston,30,,,,
Chocolate,Wonka Bar - Triple Dazzle Caramel,Rhode Island,Providence,41.25,,,,
Chocolate,Wonka Bar - Triple Dazzle Caramel,South Carolina,Columbia,22.5,,,,
Chocolate,Wonka Bar - Triple Dazzle Caramel,South Carolina,Florence,26.25,,,,
Chocolate,Wonka Bar - Triple Dazzle Caramel,South Dakota,Sioux Falls,18.75,,,,
Chocolate,Wonka Bar - Triple Dazzle Caramel,Tennessee,Chattanooga,7.5,,,,
Chocolate,Wonka Bar - Triple Dazzle Caramel,Tennessee,Clarksville,15,,,,
Chocolate,Wonka Bar - Triple Dazzle Caramel,Tennessee,Columbia,22.5,,,,
Chocolate,Wonka Bar - Triple Dazzle Caramel,Tennessee,Franklin,26.25,,,,
Chocolate,Wonka Bar - Triple Dazzle Caramel,Tennessee,Hendersonville,15,,,,
Chocolate,Wonka Bar - Triple Dazzle Caramel,Tennessee,Jackson,30,,,,
Chocolate,Wonka Bar - Triple Dazzle Caramel,Tennessee,Johnson City,26.25,,,,
Chocolate,Wonka Bar - Triple Dazzle Caramel,Tennessee,Knoxville,26.25,,,,
Chocolate,Wonka Bar - Triple Dazzle Caramel,Tennessee,Lebanon,18.75,,,,
Chocolate,Wonka Bar - Triple Dazzle Caramel,Tennessee,Memphis,7.5,,,,
Chocolate,Wonka Bar - Triple Dazzle Caramel,Tennessee,Nashville,63.75,,,,
Chocolate,Wonka Bar - Triple Dazzle Caramel,Texas,Arlington,71.25,,,,
Chocolate,Wonka Bar - Triple Dazzle Caramel,Texas,Austin,60,,,,
Chocolate,Wonka Bar - Triple Dazzle Caramel,Texas,Beaumont,7.5,,,,
Chocolate,Wonka Bar - Triple Dazzle Caramel,Texas,Bryan,11.25,,,,
Chocolate,Wonka Bar - Triple Dazzle Caramel,Texas,College Station,30,,,,
Chocolate,Wonka Bar - Triple Dazzle Caramel,Texas,Coppell,18.75,,,,
Chocolate,Wonka Bar - Triple Dazzle Caramel,Texas,Corpus Christi,11.25,,,,
Chocolate,Wonka Bar - Triple Dazzle Caramel,Texas,Dallas,135,,,,
Chocolate,Wonka Bar - Triple Dazzle Caramel,Texas,El Paso,22.5,,,,
Chocolate,Wonka Bar - Triple Dazzle Caramel,Texas,Grand Prairie,30,,,,
Chocolate,Wonka Bar - Triple Dazzle Caramel,Texas,Harlingen,18.75,,,,
Chocolate,Wonka Bar - Triple Dazzle Caramel,Texas,Houston,232.5,,,,
Chocolate,Wonka Bar - Triple Dazzle Caramel,Texas,Huntsville,15,,,,
Chocolate,Wonka Bar - Triple Dazzle Caramel,Texas,Pasadena,7.5,,,,
Chocolate,Wonka Bar - Triple Dazzle Caramel,Texas,Plano,15,,,,
Chocolate,Wonka Bar - Triple Dazzle Caramel,Texas,San Antonio,52.5,,,,
Chocolate,Wonka Bar - Triple Dazzle Caramel,Texas,Tyler,11.25,,,,
Chocolate,Wonka Bar - Triple Dazzle Caramel,Texas,Waco,7.5,,,,
Chocolate,Wonka Bar - Triple Dazzle Caramel,Utah,Draper,7.5,,,,
Chocolate,Wonka Bar - Triple Dazzle Caramel,Utah,Murray,33.75,,,,
Chocolate,Wonka Bar - Triple Dazzle Caramel,Utah,Provo,11.25,,,,
Chocolate,Wonka Bar - Triple Dazzle Caramel,Utah,Salt Lake City,33.75,,,,
Chocolate,Wonka Bar - Triple Dazzle Caramel,Vermont,Burlington,3.75,,,,
Chocolate,Wonka Bar - Triple Dazzle Caramel,Virginia,Arlington,37.5,,,,
Chocolate,Wonka Bar - Triple Dazzle Caramel,Virginia,Harrisonburg,7.5,,,,
Chocolate,Wonka Bar - Triple Dazzle Caramel,Virginia,Newport News,3.75,,,,
Chocolate,Wonka Bar - Triple Dazzle Caramel,Virginia,Richmond,22.5,,,,
Chocolate,Wonka Bar - Triple Dazzle Caramel,Virginia,Salem,18.75,,,,
Chocolate,Wonka Bar - Triple Dazzle Caramel,Virginia,Suffolk,7.5,,,,
Chocolate,Wonka Bar - Triple Dazzle Caramel,Virginia,Virginia Beach,7.5,,,,
Chocolate,Wonka Bar - Triple Dazzle Caramel,Washington,Bellingham,71.25,,,,
Chocolate,Wonka Bar - Triple Dazzle Caramel,Washington,Kent,7.5,,,,
Chocolate,Wonka Bar - Triple Dazzle Caramel,Washington,Longview,7.5,,,,
Chocolate,Wonka Bar - Triple Dazzle Caramel,Washington,Olympia,3.75,,,,
Chocolate,Wonka Bar - Triple Dazzle Caramel,Washington,Pasco,18.75,,,,
Chocolate,Wonka Bar - Triple Dazzle Caramel,Washington,Renton,18.75,,,,
Chocolate,Wonka Bar - Triple Dazzle Caramel,Washington,Seattle,678.75,,,,
Chocolate,Wonka Bar - Triple Dazzle Caramel,Washington,Spokane,7.5,,,,
Chocolate,Wonka Bar - Triple Dazzle Caramel,West Virginia,Wheeling,18.75,,,,
Chocolate,Wonka Bar - Triple Dazzle Caramel,Wisconsin,Franklin,7.5,,,,
Chocolate,Wonka Bar - Triple Dazzle Caramel,Wisconsin,Madison,15,,,,
Chocolate,Wonka Bar - Triple Dazzle Caramel,Wisconsin,Milwaukee,41.25,,,,
Chocolate,Wonka Bar -Scrumdiddlyumptious,Alabama,Auburn,7.2,,,,
Chocolate,Wonka Bar -Scrumdiddlyumptious,Alabama,Hoover,46.8,,,,
Chocolate,Wonka Bar -Scrumdiddlyumptious,Alabama,Tuscaloosa,32.4,,,,
Chocolate,Wonka Bar -Scrumdiddlyumptious,Alberta,Calgary,14.4,,,,
Chocolate,Wonka Bar -Scrumdiddlyumptious,Alberta,Edmonton,21.6,,,,
Chocolate,Wonka Bar -Scrumdiddlyumptious,Arizona,Chandler,14.4,,,,
Chocolate,Wonka Bar -Scrumdiddlyumptious,Arizona,Glendale,36,,,,
Chocolate,Wonka Bar -Scrumdiddlyumptious,Arizona,Mesa,57.6,,,,
Chocolate,Wonka Bar -Scrumdiddlyumptious,Arizona,Peoria,18,,,,
Chocolate,Wonka Bar -Scrumdiddlyumptious,Arizona,Phoenix,39.6,,,,
Chocolate,Wonka Bar -Scrumdiddlyumptious,Arizona,Tempe,25.200000000000003,,,,
Chocolate,Wonka Bar -Scrumdiddlyumptious,Arizona,Tucson,7.2,,,,
Chocolate,Wonka Bar -Scrumdiddlyumptious,Arkansas,Little Rock,18,,,,
Chocolate,Wonka Bar -Scrumdiddlyumptious,British Columbia,Vancouver,28.8,,,,
Chocolate,Wonka Bar -Scrumdiddlyumptious,California,Anaheim,43.2,,,,
Chocolate,Wonka Bar -Scrumdiddlyumptious,California,Apple Valley,7.2,,,,
Chocolate,Wonka Bar -Scrumdiddlyumptious,California,Bakersfield,18,,,,
Chocolate,Wonka Bar -Scrumdiddlyumptious,California,Brentwood,46.8,,,,
Chocolate,Wonka Bar -Scrumdiddlyumptious,California,Chico,14.4,,,,
Chocolate,Wonka Bar -Scrumdiddlyumptious,California,Citrus Heights,10.8,,,,
Chocolate,Wonka Bar -Scrumdiddlyumptious,California,Coachella,3.6,,,,
Chocolate,Wonka Bar -Scrumdiddlyumptious,California,Concord,7.2,,,,
Chocolate,Wonka Bar -Scrumdiddlyumptious,California,Costa Mesa,25.200000000000003,,,,
Chocolate,Wonka Bar -Scrumdiddlyumptious,California,Danville,18,,,,
Chocolate,Wonka Bar -Scrumdiddlyumptious,California,Fairfield,75.6,,,,
Chocolate,Wonka Bar -Scrumdiddlyumptious,California,Fresno,43.2,,,,
Chocolate,Wonka Bar -Scrumdiddlyumptious,California,Huntington Beach,28.8,,,,
Chocolate,Wonka Bar -Scrumdiddlyumptious,California,Inglewood,72,,,,
Chocolate,Wonka Bar -Scrumdiddlyumptious,California,Laguna Niguel,7.2,,,,
Chocolate,Wonka Bar -Scrumdiddlyumptious,California,Lakewood,28.8,,,,
Chocolate,Wonka Bar -Scrumdiddlyumptious,California,Long Beach,32.400000000000006,,,,
Chocolate,Wonka Bar -Scrumdiddlyumptious,California,Los Angeles,590.4,,,,
Chocolate,Wonka Bar -Scrumdiddlyumptious,California,Modesto,3.6,,,,
Chocolate,Wonka Bar -Scrumdiddlyumptious,California,Oakland,122.4,,,,
Chocolate,Wonka Bar -Scrumdiddlyumptious,California,Oceanside,14.4,,,,
Chocolate,Wonka Bar -Scrumdiddlyumptious,California,Pasadena,21.6,,,,
Chocolate,Wonka Bar -Scrumdiddlyumptious,California,Sacramento,21.6,,,,
Chocolate,Wonka Bar -Scrumdiddlyumptious,California,Salinas,7.2,,,,
Chocolate,Wonka Bar -Scrumdiddlyumptious,California,San Diego,46.8,,,,
Chocolate,Wonka Bar -Scrumdiddlyumptious,California,San Francisco,543.6,,,,
Chocolate,Wonka Bar -Scrumdiddlyumptious,California,San Jose,61.199999999999996,,,,
Chocolate,Wonka Bar -Scrumdiddlyumptious,California,San Mateo,21.6,,,,
Chocolate,Wonka Bar -Scrumdiddlyumptious,California,Santa Ana,7.2,,,,
Chocolate,Wonka Bar -Scrumdiddlyumptious,California,Santa Clara,7.2,,,,
Chocolate,Wonka Bar -Scrumdiddlyumptious,California,Sunnyvale,25.2,,,,
Chocolate,Wonka Bar -Scrumdiddlyumptious,California,Westminster,50.400000000000006,,,,
Chocolate,Wonka Bar -Scrumdiddlyumptious,Colorado,Aurora,32.4,,,,
Chocolate,Wonka Bar -Scrumdiddlyumptious,Colorado,Denver,93.6,,,,
Chocolate,Wonka Bar -Scrumdiddlyumptious,Colorado,Greeley,7.2,,,,
Chocolate,Wonka Bar -Scrumdiddlyumptious,Colorado,Louisville,79.19999999999999,,,,
Chocolate,Wonka Bar -Scrumdiddlyumptious,Colorado,Loveland,18,,,,
Chocolate,Wonka Bar -Scrumdiddlyumptious,Colorado,Parker,25.2,,,,
Chocolate,Wonka Bar -Scrumdiddlyumptious,Connecticut,Fairfield,18,,,,
Chocolate,Wonka Bar -Scrumdiddlyumptious,Connecticut,Manchester,39.6,,,,
Chocolate,Wonka Bar -Scrumdiddlyumptious,Connecticut,Meriden,18,,,,
Chocolate,Wonka Bar -Scrumdiddlyumptious,Connecticut,Norwich,7.2,,,,
Chocolate,Wonka Bar -Scrumdiddlyumptious,Connecticut,Waterbury,18,,,,
Chocolate,Wonka Bar -Scrumdiddlyumptious,Delaware,Wilmington,28.8,,,,
Chocolate,Wonka Bar -Scrumdiddlyumptious,Florida,Boynton Beach,7.2,,,,
Chocolate,Wonka Bar -Scrumdiddlyumptious,Florida,Coral Springs,10.8,,,,
Chocolate,Wonka Bar -Scrumdiddlyumptious,Florida,Hialeah,28.8,,,,
Chocolate,Wonka Bar -Scrumdiddlyumptious,Florida,Homestead,3.6,,,,
Chocolate,Wonka Bar -Scrumdiddlyumptious,Florida,Jacksonville,54,,,,
Chocolate,Wonka Bar -Scrumdiddlyumptious,Florida,Lakeland,10.8,,,,
Chocolate,Wonka Bar -Scrumdiddlyumptious,Florida,Miami,28.8,,,,
Chocolate,Wonka Bar -Scrumdiddlyumptious,Florida,Miramar,32.4,,,,
Chocolate,Wonka Bar -Scrumdiddlyumptious,Florida,Orlando,7.2,,,,
Chocolate,Wonka Bar -Scrumdiddlyumptious,Florida,Palm Coast,14.4,,,,
Chocolate,Wonka Bar -Scrumdiddlyumptious,Florida,Port Orange,3.6,,,,
Chocolate,Wonka Bar -Scrumdiddlyumptious,Florida,Port Saint Lucie,14.4,,,,
Chocolate,Wonka Bar -Scrumdiddlyumptious,Florida,Sanford,10.8,,,,
Chocolate,Wonka Bar -Scrumdiddlyumptious,Florida,Tallahassee,36,,,,
Chocolate,Wonka Bar -Scrumdiddlyumptious,Florida,Tampa,10.8,,,,
Chocolate,Wonka Bar -Scrumdiddlyumptious,Georgia,Athens,18,,,,
Chocolate,Wonka Bar -Scrumdiddlyumptious,Georgia,Atlanta,3.6,,,,
Chocolate,Wonka Bar -Scrumdiddlyumptious,Georgia,Columbus,36,,,,
Chocolate,Wonka Bar -Scrumdiddlyumptious,Georgia,Roswell,39.6,,,,
Chocolate,Wonka Bar -Scrumdiddlyumptious,Georgia,Sandy Springs,54,,,,
Chocolate,Wonka Bar -Scrumdiddlyumptious,Idaho,Meridian,10.8,,,,
Chocolate,Wonka Bar -Scrumdiddlyumptious,Illinois,Aurora,10.8,,,,
Chocolate,Wonka Bar -Scrumdiddlyumptious,Illinois,Bloomington,14.4,,,,
Chocolate,Wonka Bar -Scrumdiddlyumptious,Illinois,Chicago,176.4,,,,
Chocolate,Wonka Bar -Scrumdiddlyumptious,Illinois,Decatur,10.8,,,,
Chocolate,Wonka Bar -Scrumdiddlyumptious,Illinois,Freeport,10.8,,,,
Chocolate,Wonka Bar -Scrumdiddlyumptious,Illinois,Park Ridge,32.4,,,,
Chocolate,Wonka Bar -Scrumdiddlyumptious,Illinois,Peoria,18,,,,
Chocolate,Wonka Bar -Scrumdiddlyumptious,Illinois,Quincy,7.2,,,,
Chocolate,Wonka Bar -Scrumdiddlyumptious,Illinois,Rockford,21.6,,,,
Chocolate,Wonka Bar -Scrumdiddlyumptious,Illinois,Skokie,7.2,,,,
Chocolate,Wonka Bar -Scrumdiddlyumptious,Illinois,Woodstock,7.2,,,,
Chocolate,Wonka Bar -Scrumdiddlyumptious,Indiana,Columbus,36,,,,
Chocolate,Wonka Bar -Scrumdiddlyumptious,Indiana,Elkhart,18,,,,
Chocolate,Wonka Bar -Scrumdiddlyumptious,Indiana,Indianapolis,97.2,,,,
Chocolate,Wonka Bar -Scrumdiddlyumptious,Indiana,Lafayette,3.6,,,,
Chocolate,Wonka Bar -Scrumdiddlyumptious,Indiana,Richmond,39.6,,,,
Chocolate,Wonka Bar -Scrumdiddlyumptious,Iowa,Burlington,3.6,,,,
Chocolate,Wonka Bar -Scrumdiddlyumptious,Iowa,Des Moines,10.8,,,,
Chocolate,Wonka Bar -Scrumdiddlyumptious,Kansas,Wichita,18,,,,
Chocolate,Wonka Bar -Scrumdiddlyumptious,Kentucky,Florence,3.6,,,,
Chocolate,Wonka Bar -Scrumdiddlyumptious,Kentucky,Henderson,7.2,,,,
Chocolate,Wonka Bar -Scrumdiddlyumptious,Kentucky,Louisville,21.6,,,,
Chocolate,Wonka Bar -Scrumdiddlyumptious,Kentucky,Richmond,100.80000000000001,,,,
Chocolate,Wonka Bar -Scrumdiddlyumptious,Maryland,Baltimore,25.200000000000003,,,,
Chocolate,Wonka Bar -Scrumdiddlyumptious,Maryland,Clinton,3.6,,,,
Chocolate,Wonka Bar -Scrumdiddlyumptious,Maryland,Columbia,25.2,,,,
Chocolate,Wonka Bar -Scrumdiddlyumptious,Maryland,Hagerstown,21.6,,,,
Chocolate,Wonka Bar -Scrumdiddlyumptious,Maryland,Laurel,10.8,,,,
Chocolate,Wonka Bar -Scrumdiddlyumptious,Massachusetts,Everett,10.8,,,,
Chocolate,Wonka Bar -Scrumdiddlyumptious,Massachusetts,Franklin,10.8,,,,
Chocolate,Wonka Bar -Scrumdiddlyumptious,Massachusetts,Lawrence,32.400000000000006,,,,
Chocolate,Wonka Bar -Scrumdiddlyumptious,Michigan,Canton,10.8,,,,
Chocolate,Wonka Bar -Scrumdiddlyumptious,Michigan,Dearborn Heights,3.6,,,,
Chocolate,Wonka Bar -Scrumdiddlyumptious,Michigan,Detroit,93.60000000000001,,,,
Chocolate,Wonka Bar -Scrumdiddlyumptious,Michigan,Jackson,14.4,,,,
Chocolate,Wonka Bar -Scrumdiddlyumptious,Michigan,Saginaw,21.6,,,,
Chocolate,Wonka Bar -Scrumdiddlyumptious,Michigan,Trenton,10.8,,,,
Chocolate,Wonka Bar -Scrumdiddlyumptious,Minnesota,Maple Grove,10.8,,,,
Chocolate,Wonka Bar -Scrumdiddlyumptious,Minnesota,Rochester,18,,,,
Chocolate,Wonka Bar -Scrumdiddlyumptious,Minnesota,Roseville,28.8,,,,
Chocolate,Wonka Bar -Scrumdiddlyumptious,Minnesota,Saint Cloud,14.4,,,,
Chocolate,Wonka Bar -Scrumdiddlyumptious,Mississippi,Jackson,39.6,,,,
Chocolate,Wonka Bar -Scrumdiddlyumptious,Missouri,Independence,10.8,,,,
Chocolate,Wonka Bar -Scrumdiddlyumptious,Missouri,Saint Louis,36,,,,
Chocolate,Wonka Bar -Scrumdiddlyumptious,Missouri,Springfield,50.4,,,,
Chocolate,Wonka Bar -Scrumdiddlyumptious,Montana,Great Falls,18,,,,
Chocolate,Wonka Bar -Scrumdiddlyumptious,Nebraska,Omaha,21.6,,,,
Chocolate,Wonka Bar -Scrumdiddlyumptious,Nevada,Las Vegas,7.2,,,,
Chocolate,Wonka Bar -Scrumdiddlyumptious,New Jersey,Lakewood,18,,,,
Chocolate,Wonka Bar -Scrumdiddlyumptious,New Jersey,New Brunswick,7.2,,,,
Chocolate,Wonka Bar -Scrumdiddlyumptious,New Jersey,Paterson,3.6,,,,
Chocolate,Wonka Bar -Scrumdiddlyumptious,New Jersey,Plainfield,18,,,,
Chocolate,Wonka Bar -Scrumdiddlyumptious,New Jersey,Vineland,25.2,,,,
Chocolate,Wonka Bar -Scrumdiddlyumptious,New Mexico,Albuquerque,28.8,,,,
Chocolate,Wonka Bar -Scrumdiddlyumptious,New Mexico,Carlsbad,18,,,,
Chocolate,Wonka Bar -Scrumdiddlyumptious,New Mexico,Clovis,10.8,,,,
Chocolate,Wonka Bar -Scrumdiddlyumptious,New Mexico,Las Cruces,10.8,,,,
Chocolate,Wonka Bar -Scrumdiddlyumptious,New York,Auburn,28.8,,,,
Chocolate,Wonka Bar -Scrumdiddlyumptious,New York,Long Beach,36,,,,
Chocolate,Wonka Bar -Scrumdiddlyumptious,New York,New York City,1000.8,,,,
Chocolate,Wonka Bar -Scrumdiddlyumptious,New York,Rochester,36,,,,
Chocolate,Wonka Bar -Scrumdiddlyumptious,New York,Troy,32.4,,,,
Chocolate,Wonka Bar -Scrumdiddlyumptious,New York,Watertown,32.400000000000006,,,,
Chocolate,Wonka Bar -Scrumdiddlyumptious,Newfoundland and Labrador,St. John's,57.6,,,,
Chocolate,Wonka Bar -Scrumdiddlyumptious,North Carolina,Asheville,36,,,,
Chocolate,Wonka Bar -Scrumdiddlyumptious,North Carolina,Burlington,32.4,,,,
Chocolate,Wonka Bar -Scrumdiddlyumptious,North Carolina,Charlotte,82.8,,,,
Chocolate,Wonka Bar -Scrumdiddlyumptious,North Carolina,Durham,10.8,,,,
Chocolate,Wonka Bar -Scrumdiddlyumptious,North Carolina,Fayetteville,25.200000000000003,,,,
Chocolate,Wonka Bar -Scrumdiddlyumptious,North Carolina,Hickory,14.4,,,,
Chocolate,Wonka Bar -Scrumdiddlyumptious,North Carolina,Jacksonville,43.2,,,,
Chocolate,Wonka Bar -Scrumdiddlyumptious,North Carolina,Monroe,10.8,,,,
Chocolate,Wonka Bar -Scrumdiddlyumptious,North Dakota,Fargo,32.400000000000006,,,,
Chocolate,Wonka Bar -Scrumdiddlyumptious,Ohio,Akron,18,,,,
Chocolate,Wonka Bar -Scrumdiddlyumptious,Ohio,Bowling Green,28.8,,,,
Chocolate,Wonka Bar -Scrumdiddlyumptious,Ohio,Cincinnati,50.400000000000006,,,,
Chocolate,Wonka Bar -Scrumdiddlyumptious,Ohio,Cleveland,32.4,,,,
Chocolate,Wonka Bar -Scrumdiddlyumptious,Ohio,Columbus,118.8,,,,
Chocolate,Wonka Bar -Scrumdiddlyumptious,Ohio,Dublin,21.6,,,,
Chocolate,Wonka Bar -Scrumdiddlyumptious,Ohio,Fairfield,3.6,,,,
Chocolate,Wonka Bar -Scrumdiddlyumptious,Ohio,Lakewood,7.2,,,,
Chocolate,Wonka Bar -Scrumdiddlyumptious,Ohio,Lorain,10.8,,,,
Chocolate,Wonka Bar -Scrumdiddlyumptious,Ohio,Marion,14.4,,,,
Chocolate,Wonka Bar -Scrumdiddlyumptious,Ohio,Newark,54,,,,
Chocolate,Wonka Bar -Scrumdiddlyumptious,Ohio,Springfield,50.4,,,,
Chocolate,Wonka Bar -Scrumdiddlyumptious,Ohio,Toledo,10.8,,,,
Chocolate,Wonka Bar -Scrumdiddlyumptious,Ohio,Troy,18,,,,
Chocolate,Wonka Bar -Scrumdiddlyumptious,Oklahoma,Oklahoma City,39.6,,,,
Chocolate,Wonka Bar -Scrumdiddlyumptious,Ontario,Toronto,79.2,,,,
Chocolate,Wonka Bar -Scrumdiddlyumptious,Oregon,Hillsboro,36,,,,
Chocolate,Wonka Bar -Scrumdiddlyumptious,Oregon,Redmond,43.2,,,,
Chocolate,Wonka Bar -Scrumdiddlyumptious,Oregon,Springfield,14.4,,,,
Chocolate,Wonka Bar -Scrumdiddlyumptious,Oregon,Tigard,7.2,,,,
Chocolate,Wonka Bar -Scrumdiddlyumptious,Pennsylvania,Chester,25.2,,,,
Chocolate,Wonka Bar -Scrumdiddlyumptious,Pennsylvania,Lancaster,18,,,,
Chocolate,Wonka Bar -Scrumdiddlyumptious,Pennsylvania,Philadelphia,475.2,,,,
Chocolate,Wonka Bar -Scrumdiddlyumptious,Prince Edward Island,Charlottetown,21.6,,,,
Chocolate,Wonka Bar -Scrumdiddlyumptious,Quebec,Montreal,10.8,,,,
Chocolate,Wonka Bar -Scrumdiddlyumptious,Quebec,Quebec City,7.2,,,,
Chocolate,Wonka Bar -Scrumdiddlyumptious,Rhode Island,Cranston,18,,,,
Chocolate,Wonka Bar -Scrumdiddlyumptious,Rhode Island,Providence,21.6,,,,
Chocolate,Wonka Bar -Scrumdiddlyumptious,South Carolina,Florence,28.8,,,,
Chocolate,Wonka Bar -Scrumdiddlyumptious,South Carolina,North Charleston,7.2,,,,
Chocolate,Wonka Bar -Scrumdiddlyumptious,South Dakota,Aberdeen,10.8,,,,
Chocolate,Wonka Bar -Scrumdiddlyumptious,South Dakota,Sioux Falls,57.599999999999994,,,,
Chocolate,Wonka Bar -Scrumdiddlyumptious,Tennessee,Chattanooga,32.4,,,,
Chocolate,Wonka Bar -Scrumdiddlyumptious,Tennessee,Clarksville,10.8,,,,
Chocolate,Wonka Bar -Scrumdiddlyumptious,Tennessee,Columbia,18,,,,
Chocolate,Wonka Bar -Scrumdiddlyumptious,Tennessee,Hendersonville,25.2,,,,
Chocolate,Wonka Bar -Scrumdiddlyumptious,Tennessee,Jackson,28.8,,,,
Chocolate,Wonka Bar -Scrumdiddlyumptious,Tennessee,Johnson City,18,,,,
Chocolate,Wonka Bar -Scrumdiddlyumptious,Tennessee,Knoxville,64.8,,,,
Chocolate,Wonka Bar -Scrumdiddlyumptious,Tennessee,Memphis,28.8,,,,
Chocolate,Wonka Bar -Scrumdiddlyumptious,Tennessee,Nashville,46.8,,,,
Chocolate,Wonka Bar -Scrumdiddlyumptious,Texas,Austin,68.4,,,,
Chocolate,Wonka Bar -Scrumdiddlyumptious,Texas,Brownsville,7.2,,,,
Chocolate,Wonka Bar -Scrumdiddlyumptious,Texas,Bryan,36,,,,
Chocolate,Wonka Bar -Scrumdiddlyumptious,Texas,Carrollton,36,,,,
Chocolate,Wonka Bar -Scrumdiddlyumptious,Texas,Coppell,25.2,,,,
Chocolate,Wonka Bar -Scrumdiddlyumptious,Texas,Dallas,129.6,,,,
Chocolate,Wonka Bar -Scrumdiddlyumptious,Texas,El Paso,14.4,,,,
Chocolate,Wonka Bar -Scrumdiddlyumptious,Texas,Fort Worth,39.6,,,,
Chocolate,Wonka Bar -Scrumdiddlyumptious,Texas,Frisco,21.6,,,,
Chocolate,Wonka Bar -Scrumdiddlyumptious,Texas,Houston,252,,,,
Chocolate,Wonka Bar -Scrumdiddlyumptious,Texas,Huntsville,46.8,,,,
Chocolate,Wonka Bar -Scrumdiddlyumptious,Texas,League City,36,,,,
Chocolate,Wonka Bar -Scrumdiddlyumptious,Texas,Mansfield,18,,,,
Chocolate,Wonka Bar -Scrumdiddlyumptious,Texas,Mcallen,25.2,,,,
Chocolate,Wonka Bar -Scrumdiddlyumptious,Texas,Mesquite,3.6,,,,
Chocolate,Wonka Bar -Scrumdiddlyumptious,Texas,Missouri City,25.2,,,,
Chocolate,Wonka Bar -Scrumdiddlyumptious,Texas,Odessa,10.8,,,,
Chocolate,Wonka Bar -Scrumdiddlyumptious,Texas,Pasadena,21.6,,,,
Chocolate,Wonka Bar -Scrumdiddlyumptious,Texas,Pearland,10.8,,,,
Chocolate,Wonka Bar -Scrumdiddlyumptious,Texas,Pharr,14.4,,,,
Chocolate,Wonka Bar -Scrumdiddlyumptious,Texas,Plano,14.4,,,,
Chocolate,Wonka Bar -Scrumdiddlyumptious,Texas,Round Rock,7.2,,,,
Chocolate,Wonka Bar -Scrumdiddlyumptious,Texas,San Antonio,28.8,,,,
Chocolate,Wonka Bar -Scrumdiddlyumptious,Texas,Tyler,10.8,,,,
Chocolate,Wonka Bar -Scrumdiddlyumptious,Texas,Waco,18,,,,
Chocolate,Wonka Bar -Scrumdiddlyumptious,Utah,Provo,36,,,,
Chocolate,Wonka Bar -Scrumdiddlyumptious,Virginia,Alexandria,25.2,,,,
Chocolate,Wonka Bar -Scrumdiddlyumptious,Virginia,Arlington,10.8,,,,
Chocolate,Wonka Bar -Scrumdiddlyumptious,Virginia,Richmond,43.2,,,,
Chocolate,Wonka Bar -Scrumdiddlyumptious,Virginia,Springfield,7.2,,,,
Chocolate,Wonka Bar -Scrumdiddlyumptious,Washington,Bellingham,18,,,,
Chocolate,Wonka Bar -Scrumdiddlyumptious,Washington,Kent,7.2,,,,
Chocolate,Wonka Bar -Scrumdiddlyumptious,Washington,Redmond,18,,,,
Chocolate,Wonka Bar -Scrumdiddlyumptious,Washington,Seattle,410.40000000000003,,,,
Chocolate,Wonka Bar -Scrumdiddlyumptious,Washington,Spokane,25.2,,,,
Chocolate,Wonka Bar -Scrumdiddlyumptious,West Virginia,Wheeling,10.8,,,,
Chocolate,Wonka Bar -Scrumdiddlyumptious,Wisconsin,Kenosha,18,,,,
Chocolate,Wonka Bar -Scrumdiddlyumptious,Wisconsin,Madison,25.200000000000003,,,,
Other,Kazookles,Alabama,Huntsville,13,,,,
Other,Kazookles,California,Danville,9.75,,,,
Other,Kazookles,California,San Francisco,35.75,,,,
Other,Kazookles,California,Sunnyvale,16.25,,,,
Other,Kazookles,California,Woodland,13,,,,
Other,Kazookles,Delaware,Newark,19.5,,,,
Other,Kazookles,Georgia,Columbus,22.75,,,,
Other,Kazookles,Kentucky,Louisville,9.75,,,,
Other,Kazookles,Nevada,Henderson,16.25,,,,
Other,Kazookles,New Jersey,Lakewood,19.5,,,,
Other,Kazookles,New York,New York City,61.75,,,,
Other,Kazookles,Pennsylvania,Philadelphia,22.75,,,,
Other,Kazookles,Tennessee,Nashville,6.5,,,,
Other,Kazookles,Texas,Houston,22.75,,,,
Other,Kazookles,Washington,Seattle,22.75,,,,
Other,Lickable Wallpaper,Alabama,Montgomery,40,,,,
Other,Lickable Wallpaper,Alberta,Calgary,80,,,,
Other,Lickable Wallpaper,Arizona,Gilbert,100,,,,
Other,Lickable Wallpaper,California,Chico,100,,,,
Other,Lickable Wallpaper,California,Danville,120,,,,
Other,Lickable Wallpaper,California,San Francisco,40,,,,
Other,Lickable Wallpaper,California,Sunnyvale,100,,,,
Other,Lickable Wallpaper,California,Thousand Oaks,140,,,,
Other,Lickable Wallpaper,Colorado,Denver,40,,,,
Other,Lickable Wallpaper,Georgia,Columbus,220,,,,
Other,Lickable Wallpaper,Illinois,Chicago,320,,,,
Other,Lickable Wallpaper,Illinois,Rockford,80,,,,
Other,Lickable Wallpaper,Kentucky,Henderson,40,,,,
Other,Lickable Wallpaper,Massachusetts,Lawrence,80,,,,
Other,Lickable Wallpaper,New York,Auburn,60,,,,
Other,Lickable Wallpaper,New York,Hempstead,60,,,,
Other,Lickable Wallpaper,New York,New York City,320,,,,
Other,Lickable Wallpaper,New York,Rochester,40,,,,
Other,Lickable Wallpaper,New York,Yonkers,80,,,,
Other,Lickable Wallpaper,Ohio,Akron,40,,,,
Other,Lickable Wallpaper,Ohio,Columbus,180,,,,
Other,Lickable Wallpaper,Ohio,Springfield,140,,,,
Other,Lickable Wallpaper,Pennsylvania,Philadelphia,100,,,,
Other,Lickable Wallpaper,Quebec,Montreal,40,,,,
Other,Lickable Wallpaper,Rhode Island,Warwick,40,,,,
Other,Lickable Wallpaper,Texas,Pasadena,40,,,,
Other,Lickable Wallpaper,Washington,Seattle,200,,,,
Other,Lickable Wallpaper,Wisconsin,Milwaukee,80,,,,
Other,Wonka Gum,Arkansas,Little Rock,3.75,,,,
Other,Wonka Gum,California,Apple Valley,6.25,,,,
Other,Wonka Gum,California,Costa Mesa,3.75,,,,
Other,Wonka Gum,California,Los Angeles,7.5,,,,
Other,Wonka Gum,California,San Diego,2.5,,,,
Other,Wonka Gum,California,San Francisco,5,,,,
Other,Wonka Gum,Colorado,Loveland,2.5,,,,
Other,Wonka Gum,Connecticut,Milford,2.5,,,,
Other,Wonka Gum,Florida,Hollywood,6.25,,,,
Other,Wonka Gum,Florida,Melbourne,2.5,,,,
Other,Wonka Gum,Florida,Miramar,15,,,,
Other,Wonka Gum,Georgia,Columbus,11.25,,,,
Other,Wonka Gum,Illinois,Chicago,8.75,,,,
Other,Wonka Gum,Indiana,Columbus,3.75,,,,
Other,Wonka Gum,Indiana,Greenwood,3.75,,,,
Other,Wonka Gum,Kentucky,Richmond,6.25,,,,
Other,Wonka Gum,Maryland,Columbia,6.25,,,,
Other,Wonka Gum,Michigan,Jackson,10,,,,
Other,Wonka Gum,New Hampshire,Concord,6.25,,,,
Other,Wonka Gum,New York,New York City,17.5,,,,
Other,Wonka Gum,North Carolina,Burlington,5,,,,
Other,Wonka Gum,North Carolina,Fayetteville,10,,,,
Other,Wonka Gum,North Carolina,Greensboro,3.75,,,,
Other,Wonka Gum,Ohio,Cincinnati,1.25,,,,
Other,Wonka Gum,Ohio,Columbus,2.5,,,,
Other,Wonka Gum,Pennsylvania,Chester,2.5,,,,
Other,Wonka Gum,Pennsylvania,Philadelphia,27.5,,,,
Other,Wonka Gum,Tennessee,Columbia,8.75,,,,
Other,Wonka Gum,Texas,Arlington,5,,,,
Other,Wonka Gum,Texas,Austin,2.5,,,,
Other,Wonka Gum,Texas,Houston,7.5,,,,
Other,Wonka Gum,Washington,Seattle,5,,,,
Sugar,Everlasting Gobstopper,Texas,Pasadena,30,,,,
Sugar,Fizzy Lifting Drinks,Michigan,Jackson,11.25,,,,
Sugar,Fizzy Lifting Drinks,New York,New York City,15,,,,
Sugar,Hair Toffee,New York,New York City,22.5,,,,
Sugar,Hair Toffee,North Carolina,Monroe,9,,,,
Sugar,Laffy Taffy,Connecticut,Waterbury,3.98,,,,
Sugar,Laffy Taffy,New Jersey,Westfield,5.97,,,,
Sugar,Laffy Taffy,Ohio,Toledo,7.96,,,,
Sugar,Laffy Taffy,Washington,Seattle,1.99,,,,
Sugar,Nerds,New York,New York City,4.5,,,,
Sugar,Nerds,Pennsylvania,Philadelphia,1.5,,,,
Sugar,SweeTARTS,California,San Francisco,6,,,,
Sugar,SweeTARTS,New York,New York City,7.5,,,,
Sugar,SweeTARTS,Ohio,Cleveland,10.5,,,,
Sugar,SweeTARTS,Texas,Houston,6,,,,
Total,,,,143.65,,,,
